BH_SKU,Item Name,Price,Stock,Item URL,UUID
AMFV7350,AMD ATI FireGL V7350 Graphics Card,"$1,542.50",Special Order,https://www.bhphotovideo.com/c/product/1014977-REG/amd_100_505145_firegl_v7350_graphics_card.html,07e82650-a7c6-462a-9172-f661363a4475
AMFS10000MD,AMD FirePro S10000 Passive Server Graphics Card,"$3,300.00",Special Order,https://www.bhphotovideo.com/c/product/1108348-REG/amd_100_505858_amd_firepro_s10000_passive.html,4e296278-8fb0-4d10-a095-8f0e343755dc
AMFS10000,AMD FirePro S10000 Server Graphics Card,"$3,299.95",Special Order,https://www.bhphotovideo.com/c/product/1053166-REG/ati_100_505851_firepro_s10000_professional_graphics.html,f2893977-d0ed-4d8c-b56a-801936d1736f
AMFS400Q,AMD FirePro S400 Synchronization Module,$799.00,Special Order,https://www.bhphotovideo.com/c/product/1238377-REG/sapphire_100_505981_firepro_s400_synchronization_module.html,ee740787-96c8-4ab1-9e7e-2d7bc9c4b6a7
AMFS7000,AMD FirePro S7000 Server Graphics Card,"$1,218.50",Special Order,https://www.bhphotovideo.com/c/product/1053164-REG/ati_100_505856_firepro_s7000_server_graphics.html,e648b585-578a-4541-99b8-68e194fb65f0
AMRPW6600,AMD Radeon PRO W6600 Graphics Card,$699.99,In Stock,https://www.bhphotovideo.com/c/product/1648892-REG/amd_100_506208_radeon_pro_w6600_8.html,e7a04beb-1175-473b-a96e-548d0695c86d
AMRPW6800,AMD Radeon PRO W6800 Graphics Card,"$2,199.00",In Stock,https://www.bhphotovideo.com/c/product/1648891-REG/amd_100_506157_radeon_pro_w6800_graphic.html,84b08873-dc68-425e-b89d-3004ad3acb19
AMRPVII,AMD Radeon Pro VII Graphics Card,"$2,499.00",Back-Ordered,https://www.bhphotovideo.com/c/product/1570531-REG/amd_100_506163_radeon_pro_vii_16gb.html,8c7e5f3b-48a6-48ce-998d-a33bca7818a3
AMWW5500,AMD Radeon Pro W5500 Graphics Card,$499.00,Back-Ordered,https://www.bhphotovideo.com/c/product/1553148-REG/amd_100_506095_radeon_pro_w5500_8.html,35db0bf4-a895-4cbf-adff-4599b10f964a
AMW5700,AMD Radeon Pro W5700 Graphics Card,"$1,199.99",More on the Way,https://www.bhphotovideo.com/c/product/1521630-REG/amd_100_506085_radeon_pro_w5700_graphics.html,f31c9aa8-fa4a-435d-8c78-f84db4da7cd7
AMWX2100X16,AMD Radeon Pro WX 2100 Graphics Card,$249.00,In Stock,https://www.bhphotovideo.com/c/product/1346308-REG/amd_100_506001_radeon_pro_wx_2100.html,180ff559-2346-4499-a54f-df305d8c4109
AMRPROWX3200,AMD Radeon Pro WX 3200 Graphics Card,$249.00,Back-Ordered,https://www.bhphotovideo.com/c/product/1527858-REG/amd_100_506115_radeon_pro_wx_3200.html,2effd823-8452-4687-a9a5-4cd3ba0f9089
AMWX4100,AMD Radeon Pro WX 4100 Graphics Card,$349.99,Back-Ordered,https://www.bhphotovideo.com/c/product/1297998-REG/amd_100_506008_radeon_pro_wx_4100.html,65d70f60-a189-4c2d-8931-7c20d602a513
AMWX5100,AMD Radeon Pro WX 5100 Graphics Card,$499.00,Back-Ordered,https://www.bhphotovideo.com/c/product/1297999-REG/amd_100_505940_radeon_pro_wx_5100.html,6e9fa8c3-0c42-49e9-b25f-77703b31f7bc
AMWX7100,AMD Radeon Pro WX 7100 Graphics Card,$729.00,Back-Ordered,https://www.bhphotovideo.com/c/product/1298000-REG/amd_100_505826_radeon_pro_wx_7100.html,f64b7e26-ffc2-40b9-87f0-c5c4fe899bb7
AMRPWX91016,AMD Radeon Pro WX 9100 Graphics Card,"$1,999.00",Back-Ordered,https://www.bhphotovideo.com/c/product/1389162-REG/amd_100_505957_radeon_pro_wx_9100.html,f424c8b8-556c-4705-97f4-b5867f6b79c8
ASDG166SO6GE,ASUS Dual GeForce GTX 1660 SUPER OC Graphics Card,$329.99,Waiting List Only,https://www.bhphotovideo.com/c/product/1517468-REG/asus_dual_gtx1660s_o6g_evo_dual_geforce_gtx_1660.html,191e02e0-d00d-48b4-8190-aecfcc220639
ASDR2060O6GE,ASUS Dual GeForce RTX 2060 EVO OC Edition Graphics Card,$469.99,Waiting List Only,https://www.bhphotovideo.com/c/product/1577031-REG/asus_dualrtx2060o6ge_dual_geforce_rtx_2060.html,de5d5f14-5a55-4edc-a8cf-cf3d3b3ad2fb
AST10302GCSM,ASUS GeForce GT 1030 Low-Profile Graphics Card,$89.99,More on the Way,https://www.bhphotovideo.com/c/product/1343619-REG/asus_gt1030_2g_csm_geforce_gt_1030_2gb.html,4a99d028-dc24-4818-bfe0-67ee68c8ece7
ASPHG1660O6G,ASUS GeForce GTX 1660 Phoenix OC Graphics Card,$299.99,Waiting List Only,https://www.bhphotovideo.com/c/product/1470857-REG/asus_ph_gtx1660_o6g_geforce_gtx_1660_oc.html,2fb2b839-a3d0-43bd-9e44-87295b825364
ASDR3060O122,ASUS GeForce RTX 3060 Dual V2 OC Graphics Card,$469.99,Waiting List Only,https://www.bhphotovideo.com/c/product/1660417-REG/asus_dual_rtx3060_o12g_v2_dual_geforce_rtx_3060.html,af90e27a-d5bf-42aa-b1c0-34924d8ff5f8
ASPHRTX3060,ASUS GeForce RTX 3060 Phoenix Graphics Card,$479.99,Waiting List Only,https://www.bhphotovideo.com/c/product/1644571-REG/asus_ph_rtx3060_12g_geforce_rtx_3060_phoenix.html,34737862-d41d-44a8-9886-21b93b6ccff7
AST3060O122G,ASUS GeForce RTX 3060 TUF GAMING V2 OC Graphics Card,$529.99,Waiting List Only,https://www.bhphotovideo.com/c/product/1648769-REG/asus_tuf_rtx3060_o12g_v2_gaming_tuf_gaming_geforce_rtx.html,5ba4a1ce-8a4e-4774-9e8b-bf3aab34e811
ASDR3060TOG2,ASUS GeForce RTX 3060 Ti Dual V2 OC Graphics Card,$579.99,Waiting List Only,https://www.bhphotovideo.com/c/product/1657711-REG/asus_dual_rtx3060ti_o8g_v2_dual_geforce_rtx_3060.html,c9d7e5c1-4bdf-4d41-8198-9e52e71cc61e
ASROGRTX3070,ASUS GeForce RTX 3070 Ti Republic of Gamers Strix OC Graphics Card,"$1,099.00",Waiting List Only,https://www.bhphotovideo.com/c/product/1645736-REG/asus_rog_strix_rtx3070ti_o8g_gaming_geforce_rtx_3070_ti.html,35712d9b-61a0-43c4-b281-a09cf3ab6d3c
ASTUFRTX3070,ASUS GeForce RTX 3070 Ti TUF Gaming OC Graphics Card,$979.00,Waiting List Only,https://www.bhphotovideo.com/c/product/1645735-REG/asus_tuf_rtx3070ti_o8g_gaming_geforce_rtx_3070_ti.html,b4d5ea5f-4a8c-4d42-830e-4c4b9da976a7
ASTGR3080V2O,ASUS GeForce RTX 3080 TUF Gaming V2 OC Graphics Card,"$1,149.99",Waiting List Only,https://www.bhphotovideo.com/c/product/1653836-REG/asus_tuf_rtx3080_o10g_v2_gaming_tuf_gaming_geforce_rtx.html,1e6c0443-56a6-45b2-aa0a-44d7caa0f32e
ASROGRTX3080,ASUS GeForce RTX 3080 Ti Republic of Gamers Strix OC Graphics Card,"$1,999.99",Waiting List Only,https://www.bhphotovideo.com/c/product/1644572-REG/asus_rog_strix_rtx3080ti_o12g_gaming_geforce_rtx_3080_ti.html,5bd8fcc6-a2cf-42ec-af41-7225b51b7f9c
ASTUFRTX3080,ASUS GeForce RTX 3080 Ti TUF Gaming OC Graphics Card,"$1,949.99",Waiting List Only,https://www.bhphotovideo.com/c/product/1644573-REG/asus_tuf_rtx3080ti_o12g_gaming_geforce_rtx_3080_ti.html,d6f7ff6a-290c-4ebd-9b2a-2ac6aa6d1942
ASR3090O24GG,ASUS GeForce RTX 3090 Republic of Gamers Strix Gaming OC Graphics Card,"$2,229.99",Waiting List Only,https://www.bhphotovideo.com/c/product/1601764-REG/asus_rog_strix_rtx3090_o24g_gaming_rog_strix_geforce_rtx.html,72ea6e4b-8c7a-4927-af47-6ea3e9a58af6
ASTR3090O24G,ASUS GeForce RTX 3090 TUF Gaming OC Graphics Card,"$2,199.99",Waiting List Only,https://www.bhphotovideo.com/c/product/1594385-REG/asus_tuf_rtx3090_o24g_gaming_tuf_gaming_rtx_3090.html,023db2b7-2ed4-4d33-9c9b-9801003a2bb3
ASPHGT1030O2,ASUS Phoenix GeForce GT 1030 OC Edition Graphics Card,$94.99,More on the Way,https://www.bhphotovideo.com/c/product/1344710-REG/asus_ph_gt1030_o2g_geforce_gt_1030_2gb.html,c5afcf0a-1414-4b3b-ac5f-164918ad2d92
ASPGTX1050T4,ASUS Phoenix GeForce GTX 1050 Ti Graphics Card,$199.99,Waiting List Only,https://www.bhphotovideo.com/c/product/1297871-REG/asus_ph_gtx1050ti_4g_asus_phoenix_gf_gtx.html,33c6c810-04e6-42c7-bae6-dfe64f1e26ba
ASGTX1650,ASUS Phoenix GeForce GTX 1650 SUPER OC Graphics Card,$249.99,Waiting List Only,https://www.bhphotovideo.com/c/product/1524555-REG/asus_ph_gtx1650s_o4g_phoenix_geforce_gtx_1650.html,57f09ed9-7f60-493b-b597-e6ffad2f94e4
ASR3060TO82G,ASUS ROG Strix GeForce RTX 3060 Ti V2 OC Edition Gaming Graphics Card,$649.99,Waiting List Only,https://www.bhphotovideo.com/c/product/1659201-REG/asus_rog_strix_rtx3060ti_o8g_v2_gaming_rog_strix_geforce_rtx.html,dd4df5ff-9578-4312-95dd-839262d12baf
ASRSR3060O2G,ASUS ROG Strix GeForce RTX 3060 V2 OC Edition Gaming Graphics Card,$529.99,New Item - Coming Soon,https://www.bhphotovideo.com/c/product/1658520-REG/asus_rog_strix_rtx3060_o12g_v2_gaming_rog_strix_geforce_rtx.html,1495ede7-1b39-4135-be47-a319175718cb
ASRSR3080OW2,ASUS ROG Strix GeForce RTX 3080 V2 White OC Edition Graphics Card,"$1,199.99",Waiting List Only,https://www.bhphotovideo.com/c/product/1663056-REG/asus_rog_strix_rtx3080_o10g_whitev2_rog_strix_geforce_rtx.html,7b7ab666-8307-4a9b-bf6d-d1d49ef8dae7
ASRLR68XO16G,ASUS Republic of Gamers Strix LC Radeon RX 6800 XT OC Edition Gaming Graphics Card,"$1,329.99",Waiting List Only,https://www.bhphotovideo.com/c/product/1609026-REG/asus_rog_strix_lc_rx6800xt_o16g_gaming_rog_strix_lc_radeon.html,b7dcdb27-558f-409c-83b5-d5337164cc70
ASRSR5600XTP,ASUS Republic of Gamers Strix Radeon RX 5600 XT TOP Edition Gaming Graphics Card,$449.99,Waiting List Only,https://www.bhphotovideo.com/c/product/1622273-REG/asus_90yv0eb2_m0aa00_rog_strix_amd_radeon.html,a0e8ce0a-9436-48de-92e3-b2a4db8393b9
ASROGRX6700X,ASUS Republic of Gamers Strix Radeon RX 6700 XT OC Graphics Card,$929.99,More on the Way,https://www.bhphotovideo.com/c/product/1629850-REG/asus_90yv0g81_m0aa00_republic_of_gamers_strix.html,f355083a-c6da-408d-9d9f-3b0c0bdd857d
ASRSRX68O16G,ASUS Republic of Gamers Strix Radeon RX 6800 Graphics Card,"$1,089.99",Waiting List Only,https://www.bhphotovideo.com/c/product/1609027-REG/asus_rog_strix_rx6800_o16g_gaming_rog_strix_radeon_rx.html,8917219f-0370-4b27-b94b-6c95579a0125
ASTFRX68O16G,ASUS TUF GAMING Radeon RX 6800 Graphics Card,"$1,049.99",Waiting List Only,https://www.bhphotovideo.com/c/product/1609028-REG/asus_tuf_rx6800_o16g_gaming_tuf_gaming_radeon_rx.html,145f175e-cc45-4bed-9b48-f124d328e9ca
ASR6900XO16G,ASUS TUF GAMING Radeon RX 6900 XT Graphics Card,"$1,599.99",More on the Way,https://www.bhphotovideo.com/c/product/1610930-REG/asus_tuf_rx6900xt_o16g_gaming_tuf_gaming_radeon_rx6900.html,1a9fd169-8a5b-40c4-9f51-5b8868f34611
ASTUFGTX1650,ASUS TUF Gaming GeForce GTX 1650 SUPER OC Graphics Card,$249.99,Waiting List Only,https://www.bhphotovideo.com/c/product/1524554-REG/asus_tuf_gtx1650s_o4g_gaming_tuf_gaming_geforce_gtx.html,80b811c2-bde4-4b3a-bc8c-ebdddfae17cf
ASTR3060TO2G,ASUS TUF Gaming GeForce RTX 3060 Ti V2 OC Edition Graphics Card,$619.99,Waiting List Only,https://www.bhphotovideo.com/c/product/1657712-REG/asus_tuf_rtx3060ti_o8g_v2_gaming_tuf_gaming_geforce_rtx.html,4c601129-2cc8-47ba-93bb-1ebb6c1cebd9
ASTUFRX6700X,ASUS TUF Gaming Radeon RX 6700 XT OC Graphics Card,$899.99,More on the Way,https://www.bhphotovideo.com/c/product/1629866-REG/asus_90yv0g80_m0aa00_tuf_gaming_radeon_rx.html,87643409-9f6a-4bb4-8b6c-6bbe6ecdbb77
APMW672AMA,Apple AMD Radeon Pro Vega II MPX Module,"$2,800.00",Special Order,https://www.bhphotovideo.com/c/product/1568652-REG/apple_mw672am_a_radeon_pro_vega_ii.html,630cdd18-ec06-4442-aae4-ae34d0d225d5
APMXM52AMA,Apple AMD Radeon Pro W5500X MPX Module,$600.00,Special Order,https://www.bhphotovideo.com/c/product/1576022-REG/apple_mxm52am_a_radeon_pro_w5500x_mpx.html,6b450eec-e0ad-46d8-b1cd-a5c9c2092c87
APMW662AMA,Apple AMD Radeon Pro W5700X MPX Module,"$1,000.00",Special Order,https://www.bhphotovideo.com/c/product/1568654-REG/apple_mw662am_a_radeon_pro_w5700x_mpx.html,20a85452-5ef0-49a2-b71f-ec62807a2bc5
APMJ073AMA,Apple Radeon Pro W6800X Mpx Module,"$2,800.00",New Item - Special Order,https://www.bhphotovideo.com/c/product/1658749-REG/apple_mj073am_a_radeon_pro_w6800x_mpx.html,a4eb9105-c7d6-4282-971a-b359a98b3515
DAIMAGE2K,DATAPATH Image2K 4-Channel HDMI PCIe Graphics Card,"$1,860.00",Special Order,https://www.bhphotovideo.com/c/product/1655099-REG/datapath_image2k_4_channel_hdmi_pcie.html,95996f72-c34d-4dd8-bc57-454d78949bcf
DAIMAGE4K,DATAPATH Image4K Graphics Card,"$3,720.00",Special Order,https://www.bhphotovideo.com/c/product/1512107-REG/datapath_image4k_8gb_pcie_4_channel_hdmi.html,54cc02cd-17b3-4ea9-b26a-4e66e6accf4d
DAIDP4PHDMI,DATAPATH ImageDP4+ Graphics Card,"$1,860.00",Special Order,https://www.bhphotovideo.com/c/product/1394098-REG/datapath_imagedp4_hdmi_4_port_displayport_graphics.html,11efeab3-dda9-45c4-ad33-3c4679a99887
DIHD5450,Diamond Multimedia Radeon HD 5450 PCI Express GDDR3 1GB Video Graphics Card,$59.99,In Stock,https://www.bhphotovideo.com/c/product/845927-REG/Diamond_5450PE31G_Diamond_Radeon_HD_5450.html,ef097238-c70c-4573-b138-9e6dee7a1179
GIGFN3060A,Gigabyte AORUS GeForce RTX 3060 ELITE 12G Graphics Card,$519.99,Waiting List Only,https://www.bhphotovideo.com/c/product/1625930-REG/gigabyte_gv_n3060aorus_e_12gd_aorus_geforce_rtx_3060.html,1fb5b296-f6fd-4433-a052-f76a322c36f9
GIAGR3070M8,Gigabyte AORUS GeForce RTX 3070 MASTER Graphics Card,$799.99,Waiting List Only,https://www.bhphotovideo.com/c/product/1606694-REG/gigabyte_gv_n3070aorus_m_8gd_aorus_geforce_rtx_3070.html,7255c8cc-a596-40ec-b01b-bf126ceebb98
GIGT1030LD42,Gigabyte GeForce GT 1030 Low Profile D4 2G Graphics Card,$109.99,More on the Way,https://www.bhphotovideo.com/c/product/1645387-REG/gigabyte_gv_n1030d4_2gl_gt_1030_low_profile.html,850f9629-cdbe-4a8f-9546-b3ca96e0a8db
GIGGT7102,Gigabyte GeForce GT 710 Low-Profile Graphics Card,$49.99,More on the Way,https://www.bhphotovideo.com/c/product/1543406-REG/gigabyte_gv_n710d5_2gl_geforce_gt710_ddr5_2gb_graphics.html,cb08b0a3-d870-4078-a21d-22e23d949868
GIGVN105TD54,Gigabyte GeForce GTX 1050 Ti D5 4G Graphics Card,$155.99,Waiting List Only,https://www.bhphotovideo.com/c/product/1294350-REG/gigabyte_gv_n105td5_4gd_geforce_gtx_1050_ti.html,aaa405ab-bfe0-452e-ac50-298a34f9a122
GIG1650O4R2G,Gigabyte GeForce GTX 1650 D6 OC 4G Graphics Card (Rev 2.0),$159.99,Waiting List Only,https://www.bhphotovideo.com/c/product/1582653-REG/gigabyte_gv_n1656oc_4gd_rev2_0_rev2_0_geforce_gtx_1650_oc.html,84fca766-45a5-4340-8d2a-c4b1c621cf78
GI1656WF2O42,Gigabyte GeForce GTX 1650 D6 WINDFORCE OC (Rev. 2.0) Graphics Card,$179.99,Waiting List Only,https://www.bhphotovideo.com/c/product/1593331-REG/gigabyte_gv_n1656wf2oc_4gd_rev2_0_geforce_gtx_1650_windforce.html,1dd3af4a-cd65-4693-b6e7-44b722fe4d89
GIG1650O4,Gigabyte GeForce GTX 1650 OC Graphics Card,$169.99,Waiting List Only,https://www.bhphotovideo.com/c/product/1543371-REG/gigabyte_gv_n1650oc_4gd_geforce_gtx_1650_oc.html,e277507c-ea24-4078-9c1e-0d7bdc5f6e2d
GIGFN3060E,Gigabyte GeForce RTX 3060 Eagle OC 12G Graphics Card,$459.99,Waiting List Only,https://www.bhphotovideo.com/c/product/1625933-REG/gigabyte_gv_n3060eagle_oc_12gd_geforce_rtx_3060_eagle.html,247604ac-ed8a-4094-9ff7-6819d69b65dd
GIGFN3060G,Gigabyte GeForce RTX 3060 Gaming OC 12G Graphics Card,$499.99,Waiting List Only,https://www.bhphotovideo.com/c/product/1625932-REG/gigabyte_gv_n3060gaming_oc_12gd_geforce_rtx_3060_gaming.html,27d93e37-08b2-495f-85eb-c8babe13b090
GIGF3060EOC,Gigabyte GeForce RTX 3060 Ti EAGLE OC Graphics Card,$579.99,Waiting List Only,https://www.bhphotovideo.com/c/product/1606948-REG/gigabyte_gv_n306teagle_oc_8gd_rtx_3060_ti_eagle.html,c72de486-5c98-454e-8bed-55a3a54cc09b
GIR3060TGOP8,Gigabyte GeForce RTX 3060 Ti GAMING OC PRO (rev. 2.0) Graphics Card,$619.99,Waiting List Only,https://www.bhphotovideo.com/c/product/1631604-REG/gigabyte_gv_n306tgamingoc_pro_8gd_r2_geforce_rtx_3060_ti.html,adbff5a6-a437-4e9f-aa99-d50df22f7ee2
GIGFN3060V,Gigabyte GeForce RTX 3060 Vision OC 12G Graphics Card,$499.99,Waiting List Only,https://www.bhphotovideo.com/c/product/1625931-REG/gigabyte_gv_n3060vision_oc_12gd_geforce_rtx_3060_vision.html,1c6a3bc0-9a93-4fd0-ac63-060b3f8a6285
GIR3070GOC8,Gigabyte GeForce RTX 3070 GAMING OC Graphics Card,$749.99,Waiting List Only,https://www.bhphotovideo.com/c/product/1598689-REG/gigabyte_gv_n3070gaming_oc_8gd_geforce_rtx_3070_gaming.html,e900d109-de07-4a60-8ce1-6555a96653e5
GIG3070IAM8,Gigabyte GeForce RTX 3070 Ti AORUS MASTER Graphics Card,$979.99,Waiting List Only,https://www.bhphotovideo.com/c/product/1645563-REG/gigabyte_gv_n307taorus_m_8gd_geforce_rtx_3070_ti.html,3032c504-14b9-4fee-8863-900a557fd47a
GIG3070IE8,Gigabyte GeForce RTX 3070 Ti EAGLE Graphics Card,$599.99,Waiting List Only,https://www.bhphotovideo.com/c/product/1645567-REG/gigabyte_gv_n307teagle_8gd_geforce_rtx_3070_ti.html,7071a6f5-e7b6-4864-9e04-07928a6fdd1b
GIG3070IEOC8,Gigabyte GeForce RTX 3070 Ti EAGLE OC Graphics Card,$799.99,Waiting List Only,https://www.bhphotovideo.com/c/product/1645566-REG/gigabyte_gv_n307teagle_oc_8gd_geforce_rtx_3070_ti.html,e6a76279-d921-4ed2-909b-48415f3b187d
GIG3070IGOC8,Gigabyte GeForce RTX 3070 Ti GAMING OC Graphics Card,$849.99,Waiting List Only,https://www.bhphotovideo.com/c/product/1645565-REG/gigabyte_gv_n307tgaming_oc_8gd_geforce_rtx_3070_ti.html,b5b3b06d-73c4-44e8-9338-34ac8baecc77
GIG3070IVOC8,Gigabyte GeForce RTX 3070 Ti VISION OC Graphics Card,$899.99,Waiting List Only,https://www.bhphotovideo.com/c/product/1645564-REG/gigabyte_gv_n307tvision_oc_8gd_geforce_rtx_3070_ti.html,e394d9ce-7863-47b1-9268-8def6ca8e028
GIGR3070VO8,Gigabyte GeForce RTX 3070 VISION OC Graphics Card,$779.99,Waiting List Only,https://www.bhphotovideo.com/c/product/1606695-REG/gigabyte_gv_n3070vision_oc_8gd_geforce_rtx_3070_vision.html,ae2b0141-b1c2-4e5d-a654-460ea388738c
GI3080GO10GD,Gigabyte GeForce RTX 3080 GAMING OC Graphics Card,"$1,079.99",Waiting List Only,https://www.bhphotovideo.com/c/product/1593333-REG/gigabyte_gv_n3080gaming_oc_10gd_geforce_rtx_3080_gaming.html,42ad9415-8e50-4ff0-81ec-afeba501caf4
GIGVN308TAM,Gigabyte GeForce RTX 3080 Ti AORUS MASTER Graphics Card,"$1,599.99",Waiting List Only,https://www.bhphotovideo.com/c/product/1644578-REG/gigabyte_gv_n308taorus_m_12gd_geforce_rtx_3080_ti.html,24b3e46c-7576-4517-ad92-3c90707e8c4b
GIGVN308TAX,Gigabyte GeForce RTX 3080 Ti AORUS XTREME Graphics Card,"$1,649.99",Waiting List Only,https://www.bhphotovideo.com/c/product/1644577-REG/gigabyte_gv_n308taorus_x_12gd_geforce_rtx_3080_ti.html,9b65022e-84f9-4a18-8bdc-9941a13e6967
GIGVN308EOC,Gigabyte GeForce RTX 3080 Ti EAGLE OC Graphics Card,"$1,429.99",Waiting List Only,https://www.bhphotovideo.com/c/product/1644581-REG/gigabyte_gv_n308teagle_oc_12gd_geforce_rtx_3080_ti.html,08d0c615-c420-4985-9c51-94fe4a313813
GIGVN308G,Gigabyte GeForce RTX 3080 Ti GAMING OC Graphics Card,"$1,479.99",Waiting List Only,https://www.bhphotovideo.com/c/product/1644579-REG/gigabyte_gv_n308tgaming_oc_12gd_geforce_rtx_3080_ti.html,588ffa0e-47f5-495b-a959-f17c0b417163
GIGVN308V,Gigabyte GeForce RTX 3080 Ti VISION OC Graphics Card,"$1,529.99",Waiting List Only,https://www.bhphotovideo.com/c/product/1644580-REG/gigabyte_gv_n308tvision_oc_12gd_geforce_rtx_3080_ti.html,dc18f0ed-5c45-4c11-837f-2b4dc54afb6b
GIAGR3080X10,Gigabyte GeForce RTX 3080 XTREME Graphics Card,"$1,129.99",Waiting List Only,https://www.bhphotovideo.com/c/product/1599835-REG/gigabyte_gv_n3080aorus_x_10gd_aorus_geforce_rtx_3080.html,31d6d01b-a6ba-49c0-bbf0-36aeb7f1ecb3
GI3090GGO24G,Gigabyte GeForce RTX 3090 GAMING OC 24G Graphics Card,"$2,129.99",Waiting List Only,https://www.bhphotovideo.com/c/product/1593335-REG/gigabyte_gv_n3090gaming_oc_24gd_geforce_rtx3090_gaming_oc.html,2836b4aa-61e6-4244-aabc-a77c26dbb459
GIGR3090VO24,Gigabyte GeForce RTX 3090 VISION OC Graphics Card,"$2,149.99",Waiting List Only,https://www.bhphotovideo.com/c/product/1606700-REG/gigabyte_gv_n3090vision_oc_24gd_geforce_rtx_3090_vision.html,59c281cf-2402-43a3-8171-b427ee5d73d5
GIR5500XTGO4,Gigabyte Radeon RX 5500 XT GAMING OC Graphics card,$189.99,Waiting List Only,https://www.bhphotovideo.com/c/product/1543407-REG/gigabyte_gv_r55xtgaming_oc_4gd_radeon_rx_5500_xt.html,23161394-e147-449b-a612-d61612b7544b
GIR57XTGO8G2,Gigabyte Radeon RX 5700 XT GAMING OC (Rev 2.0) Graphics Card,$419.99,Waiting List Only,https://www.bhphotovideo.com/c/product/1593336-REG/gigabyte_gv_r57xtgaming_oc_8gd_rev2_0_radeon_rx_5700_xt.html,cb621baa-82d7-4636-b3b3-3df3bcdb616f
GIRRX5808GR2,Gigabyte Radeon RX 580 GAMING (Rev. 2.0) Graphics Card,$219.99,Waiting List Only,https://www.bhphotovideo.com/c/product/1559781-REG/gigabyte_gv_rx580gaming_8gd_rev2_0_radeon_rx_580_gaming_8g.html,9bf8ee6d-b072-431b-9df9-2aac900fdc38
GIAR67XTE12,Gigabyte Radeon RX 6700 XT AORUS ELITE Graphics Card,"$1,019.99",More on the Way,https://www.bhphotovideo.com/c/product/1632760-REG/gigabyte_gv_r67xtaorus_e_12gd_aorus_radeon_rx_6700.html,4a8c5fed-0979-4f3c-ae40-8654b30556c2
GIR67XTEAG12,Gigabyte Radeon RX 6700 XT EAGLE Graphics Card,$889.99,More on the Way,https://www.bhphotovideo.com/c/product/1634373-REG/gigabyte_gv_r67xteagle_12gd_radeon_rx_6700_xt.html,e45b79af-9843-4ead-bce9-da4de71fa8e8
GIR67XTGOC12,Gigabyte Radeon RX 6700 XT GAMING OC Graphics Card,$959.99,More on the Way,https://www.bhphotovideo.com/c/product/1632761-REG/gigabyte_gv_r67xtgaming_oc_12gd_radeon_rx_6700_xt.html,715e8a2f-163e-4beb-9b84-136a14d721ce
HE3ME25AT,HP 3ME25AT Quadro P620 Graphics Card,$150.93,In Stock,https://www.bhphotovideo.com/c/product/1418017-REG/hp_3me25at_nvidia_quadro_p620_2gb.html,536a8074-43af-4fa7-8e3b-744f043f4342
HE3ME26AT,HP 3ME26AT Quadro GV100 Graphics Card,"$11,999.00",Special Order,https://www.bhphotovideo.com/c/product/1418019-REG/hp_3me26at_nvidia_quadro_gv100_32gb.html,16e75d09-0615-436f-ac61-b69d01e0c9dd
HE5JW82AT,HP AMD Radeon R7 430 Graphics Card,$104.11,Special Order,https://www.bhphotovideo.com/c/product/1480558-REG/hp_5jw82at_amd_radeon_r7_430.html,4272ac11-98ea-4fdc-a6f2-2a3a9acc0175
HE1ZE81AT,HP Quadro GP100 Graphics Card (Smart Buy),"$6,799.55",Special Order,https://www.bhphotovideo.com/c/product/1364902-REG/hp_1ze81at_nvidia_quadro_gp100_16gb.html,e73325cf-8cb8-411a-8156-0c71ee15ad8d
HET8W13AT,HP Quadro M1000M Graphics Card,$215.00,Special Order,https://www.bhphotovideo.com/c/product/1255728-REG/hp_t8w13at_nvidia_quadro_m1000m_2gb.html,751941fd-f067-4047-98eb-b19db489343b
HE1ME01AA,HP Quadro P1000 Graphics Card,$799.00,Special Order,https://www.bhphotovideo.com/c/product/1364893-REG/hp_1me01aa_nvidia_quadro_p1000_4gb.html,29603a5f-92ac-4f05-bd92-c3d406178c30
HE1ME01AT,HP Quadro P1000 Graphics Card (Smart Buy),$315.02,More on the Way,https://www.bhphotovideo.com/c/product/1364894-REG/hp_1me01at_nvidia_quadro_p1000_4gb.html,ffca0b13-309a-4c53-b35c-0342d02c6b3a
HE6YT67AT,HP Quadro P2200 Graphics Card,$394.95,More on the Way,https://www.bhphotovideo.com/c/product/1512774-REG/hp_6yt67at_nvidia_quadro_p2200_5gb.html,c7aa1bf4-2497-4107-8dd1-c930625c9c97
HE1ME43AT,HP Quadro P400 Graphics Card,$109.00,Special Order,https://www.bhphotovideo.com/c/product/1364898-REG/hp_1me43at_nvidia_quadro_p400_2gb.html,5224f870-1bc9-4699-9db1-64e398ee7bee
HE5JV89AT,HP Quadro RTX 4000 Graphics Card,"$1,053.50",In Stock,https://www.bhphotovideo.com/c/product/1492619-REG/hp_5jv89at_nvidia_quadro_rtx4000_8gb.html,f27df7ac-a729-4e6e-b790-6a60acf85221
HE5JH81AT,HP Quadro RTX 5000 Graphics Card,"$2,683.25",In Stock,https://www.bhphotovideo.com/c/product/1461739-REG/hp_5jh81at_nvidia_quadro_rtx5000_16gb.html,7e6bc043-571b-4a99-ad32-23e8c40f5f7a
HE5JH80AT,HP Quadro RTX 6000 Graphics Card,"$3,999.00",More on the Way,https://www.bhphotovideo.com/c/product/1461737-REG/hp_5jh80at_nvidia_quadro_rtx6000_24gb.html,f87110b5-9a66-4703-babd-b1bd9cb17177
HERTX8000,HP Quadro RTX 8000 Graphics Card,"$5,509.00",More on the Way,https://www.bhphotovideo.com/c/product/1497815-REG/hp_6nb51at_nvidia_quadro_rtx8000_48gb.html,fb383a6d-fe34-43cd-bba4-c3c06ee90eb3
HE9GC16AT,HP Radeon Pro W5500 Graphics Card (Smart Buy),$552.16,New Item - Coming Soon,https://www.bhphotovideo.com/c/product/1630594-REG/hp_9gc16at_smart_buy_amd_radeon.html,c4bc93de-33e4-43d6-8fc6-6aceb23d29cd
HE2TF08AA,HP Radeon Pro WX 3100 Graphics Card,$299.00,Special Order,https://www.bhphotovideo.com/c/product/1400678-REG/hp_2tf08aa_radeon_pro_wx_3100.html,c2f31065-5023-4789-9ca1-652569a2c481
HE2TF08AT,HP Radeon Pro WX 3100 Graphics Card (Smart Buy),$212.62,Special Order,https://www.bhphotovideo.com/c/product/1400679-REG/hp_2tf08at_radeon_pro_wx_3100.html,0025ac02-ed95-4c01-8111-e3b5ebb48385
HE6YT68AT,HP Radeon Pro WX 3200 Graphics Card,$229.50,Special Order,https://www.bhphotovideo.com/c/product/1512776-REG/hp_6yt68at_amd_radeon_pro_wx.html,1446dfc9-38f2-4587-b9dc-9e49f58a88b7
HEBM147UT,HP Radeon RX 550X Low Profile Graphics Card,$239.95,Special Order,https://www.bhphotovideo.com/c/product/1495072-REG/hp_5lh79at_amd_radeon_rx550_4gb.html,4e9240f7-6111-41e8-b4f6-34526ae1049a
HEZ0B14AA,HP Z0B14AA Radeon Pro WX 7100 Graphics Card,$975.00,Special Order,https://www.bhphotovideo.com/c/product/1304129-REG/hp_z0b14aa_radeon_pro_wx_7100.html,20091f5f-3789-4a24-8648-2ccdc9d2d0fe
LE4X60R60468,Lenovo Quadro P620 Graphics Card,$249.99,Special Order,https://www.bhphotovideo.com/c/product/1493879-REG/lenovo_4x60r60468_quadro_p620_graphic_card.html,5cd83c1e-a2cb-460a-85d6-3ab3c0324122
LE4X60N86661,Lenovo ThinkStation NVIDIA Quadro P1000 Graphics Card with HP Bracket,$401.65,Special Order,https://www.bhphotovideo.com/c/product/1428877-REG/lenovo_4x60n86661_thinkstation_nvidia_quadro_p1000.html,ddde6deb-5a51-42a5-b176-d17c71549afd
LE4X60N86660,Lenovo ThinkStation NVIDIA Quadro P1000 Graphics Card with LP Bracket,$401.65,Special Order,https://www.bhphotovideo.com/c/product/1428876-REG/lenovo_4x60n86660_thinkstation_nvidia_quadro_p1000.html,740bfe27-3025-425e-a5c6-4b7586aba8c8
LE4X60N86657,Lenovo ThinkStation NVIDIA Quadro P400 Graphics Card with HP Bracket,$124.32,Special Order,https://www.bhphotovideo.com/c/product/1428874-REG/lenovo_4x60n86657_thinkstation_nvidia_quadro_p400.html,fa326df6-3f3b-4499-b4b5-1f46419ffd1a
LE4X60N86656,Lenovo ThinkStation NVIDIA Quadro P400 Graphics Card with LP Bracket,$133.87,Special Order,https://www.bhphotovideo.com/c/product/1428873-REG/lenovo_4x60n86656_thinkstation_nvidia_quadro_p400.html,2e86ab4b-f17c-4160-8c58-fc4082c57059
MSN210MD1GD3,MSI GeForce 210 N210 Graphics Card,$54.99,Special Order,https://www.bhphotovideo.com/c/product/1404335-REG/msi_n210_md1g_d3_geforce_210_1gb_ddr3.html,0cd9af7d-0b8a-4af6-8fc7-b983a42458e2
MSG103024PC,MSI GeForce GT 1030 2GD4 LP OC Graphics Card,$114.99,More on the Way,https://www.bhphotovideo.com/c/product/1622394-REG/msi_g103024pc_geforce_gt_1030_2gd4.html,d004160f-f447-4055-ab32-0e5ae1a4b080
MSG10302HPC,MSI GeForce GT 1030 2GH LP OC Graphics Card,$99.99,New Item - Coming Soon,https://www.bhphotovideo.com/c/product/1622395-REG/msi_g10302hpc_geforce_gt_1030_2gh.html,a2732133-fc76-4846-803c-ad89d7088822
MSGT7101GD3H,MSI GeForce GT 710 Low Profile Graphics Card,$67.99,Back-Ordered,https://www.bhphotovideo.com/c/product/1234273-REG/msi_gt_710_1gd3h_lp_geforce_gtx_710_graphics.html,ae5659e6-5924-4ab9-bc9b-ffbd48d43a81
MSGTX1050TI,MSI GeForce GTX 1050 Ti GAMING X 4G Graphics Card,$309.99,Waiting List Only,https://www.bhphotovideo.com/c/product/1292076-REG/msi_gtx_1050_ti_gaming_x_4g_geforce_gtx_1050_ti.html,9ac334b3-f98b-47fc-8e67-dd2d353b1351
MSG1650D6VXO,MSI GeForce GTX 1650 D6 VENTUS XS OCV1 Graphics Card,$294.99,Waiting List Only,https://www.bhphotovideo.com/c/product/1609087-REG/msi_g165d6vxsc1_geforce_gtx_1650_d6.html,a9bab72a-fb09-405c-8fec-42c8ac75e5e4
MSG3060GX12,MSI GeForce RTX 3060 GAMING X Graphics Card,$534.99,Waiting List Only,https://www.bhphotovideo.com/c/product/1622180-REG/msi_g3060gx12_geforce_rtx_3060_gaming.html,03667498-5524-4721-bb1c-1c467c271f9f
MSG3060GXT12,MSI GeForce RTX 3060 GAMING X TRIO Graphics Card,$559.99,Waiting List Only,https://www.bhphotovideo.com/c/product/1622179-REG/msi_g3060gxt12_geforce_rtx_3060_gaming.html,c345b527-145b-445a-a550-afcbab76273d
MS3060TGZT8L,MSI GeForce RTX 3060 Ti GAMING Z TRIO 8G LHR Graphics Card,$669.99,Waiting List Only,https://www.bhphotovideo.com/c/product/1660028-REG/msi_geforce_rtx_3060_ti.html,b6c4fc15-4730-4b0b-9194-f24b8d0fc563
MSG3060V2X12,MSI GeForce RTX 3060 VENTUS 2X OC Graphics Card,$504.99,Waiting List Only,https://www.bhphotovideo.com/c/product/1622182-REG/msi_g3060v2x12c_geforce_rtx_3060_ventus.html,a1c7b51e-efb3-4a14-af8d-3c82e186f79e
MSG3060V3X12,MSI GeForce RTX 3060 VENTUS 3X OC Graphics Card,$514.99,Waiting List Only,https://www.bhphotovideo.com/c/product/1622181-REG/msi_g3060v3x12c_geforce_rtx_3060_ventus.html,3ad9bff0-3d4b-450e-980b-9990950fbdc4
MSGR3070GXT,MSI GeForce RTX 3070 GAMING X TRIO Graphics Card,$799.99,Waiting List Only,https://www.bhphotovideo.com/c/product/1601489-REG/msi_g3070gxt_geforce_rtx_3070_gaming.html,e05ecefd-1cd4-4235-be7f-bc97c6de1998
MSG3070GZTL,MSI GeForce RTX 3070 GAMING Z TRIO 8G LHR Graphics Card,$809.99,Waiting List Only,https://www.bhphotovideo.com/c/product/1660675-REG/msi_g3070gztl_geforce_rtx_3070_gaming.html,6729f417-e194-4eb4-a9ae-231a5e84e071
MSR3070TGXT8,MSI GeForce RTX 3070 Ti GAMING X TRIO Graphics Card,$929.99,Waiting List Only,https://www.bhphotovideo.com/c/product/1646809-REG/msi_geforce_rtx_3070_ti.html,912bd6d2-1ea6-4b86-a2cc-ff251730c362
MSG308TGXT12,MSI GeForce RTX 3080 Ti GAMING X TRIO Graphics Card,"$1,779.99",Waiting List Only,https://www.bhphotovideo.com/c/product/1643280-REG/msi_g308tgxt12_geforce_rtx_3080_ti.html,32bb0177-f842-4f14-87ef-cd6bd351d3d6
MSG308TV3X12,MSI GeForce RTX 3080 Ti VENTUS 3X Graphics Card,"$1,749.99",Waiting List Only,https://www.bhphotovideo.com/c/product/1643279-REG/msi_g308tv3x12c_geforce_rtx_3080_ti.html,5642fb25-f2f0-4d24-87ab-663c642f496f
MSG3090GXT24,MSI GeForce RTX 3090 GAMING X TRIO 24G Graphics Card,"$2,279.99",Waiting List Only,https://www.bhphotovideo.com/c/product/1593994-REG/msi_g3090gxt24_geforce_rtx_3090_gaming.html,452d2196-6dd2-4503-b4fd-bfa5c7a07e43
MSR3090SPX24,MSI GeForce RTX 3090 SUPRIMX X Graphics Card,"$2,389.99",Waiting List Only,https://www.bhphotovideo.com/c/product/1605889-REG/msi_geforce_rtx_3090_suprim.html,d4fcfa42-4eab-468c-a06f-2f79d22373b7
MS6600XTGX8G,MSI Radeon RX 6600 XT GAMING X 8G Graphic Card,$579.99,Waiting List Only,https://www.bhphotovideo.com/c/product/1660030-REG/msi_radeon_rx_6600_xt.html,b703f661-e23f-427a-ae90-410ed62bd81f
MSR6700XTGX,MSI Radeon RX 6700 XT GAMING X Graphics Card,$899.99,More on the Way,https://www.bhphotovideo.com/c/product/1631271-REG/msi_r6700xtgx_radeon_rx_6700_xt.html,cd514709-7fcd-40c3-8131-3f772af3b16b
MSR6800XTGXT,MSI Radeon RX 6800 XT GAMING X TRIO Graphics Card,"$1,329.99",More on the Way,https://www.bhphotovideo.com/c/product/1620004-REG/msi_r6800xtgxt16_radeon_rx_6800_xt.html,540985dc-9b9b-4fad-8f25-90d66b612fdb
MSR6900XTGXT,MSI Radeon RX 6900 XT GAMING X TRIO Graphics Card,"$1,934.99",More on the Way,https://www.bhphotovideo.com/c/product/1622136-REG/msi_r6900xtgxt16_radeon_rx_6900_xt.html,9332c98d-cead-4eff-87fc-7a19fb0ee11e
MAC4204GB,Matrox C420 Graphics Card,$639.00,Special Order,https://www.bhphotovideo.com/c/product/1475558-REG/matrox_c420_e4gblaf_c420_graphic_card.html,49cfd831-f5b7-4ee5-a6bd-c86ab1606b19
MAG55MDDE32,Matrox G550 PCIe x1 32-Bit Graphics Card,$219.00,Special Order,https://www.bhphotovideo.com/c/product/819837-REG/Matrox_G55_MDDE32F_G550_PCIe_x1_32_Bit.html,1ce01a8d-5333-43e3-a840-3f6ed2889575
MAM9120LA,Matrox M9120 512MB PCI Express x1 Low-Profile Graphics Card,$299.00,Special Order,https://www.bhphotovideo.com/c/product/819817-REG/Matrox_M9120_E512LAU1F_M9120_512MB_PCI_Express.html,b2bd4559-a059-431c-8cfb-b362d9d3cd94
MAM9120F,Matrox M9120 512MB PCI Express x16 ATX Graphics Card,$249.00,Special Order,https://www.bhphotovideo.com/c/product/819816-REG/Matrox_M9120_E512F_M9120_512MB_PCI_Express.html,d82a3686-3e58-4985-9a35-8a6a5d3421f6
MAM91381024,Matrox M9138 Low-Profile PCIe x16 Graphic Display Card,$399.95,Special Order,https://www.bhphotovideo.com/c/product/819831-REG/Matrox_M9138_E1024LAF_M9138_Low_Profile_PCIe.html,6652c4d3-cda9-4c9e-b4ca-48d26be6e556
MAM91400512,Matrox M9140 Low-Profile PCIe x16 Graphic Display Card,$539.95,Special Order,https://www.bhphotovideo.com/c/product/819833-REG/Matrox_M9140_E512LAF_M9140_Low_Profile_PCIe.html,9009a937-5536-4f14-84ab-f7f3853df0d6
MAM91481024,Matrox M9148 Low-Profile PCIe x16 Graphic Display Card,$599.00,Special Order,https://www.bhphotovideo.com/c/product/819835-REG/Matrox_M9148_E1024LAF_M9148_Low_Profile_PCIe.html,a7c04c1e-2e04-49fe-8536-33fbd58136d0
MA9188E2048F,Matrox M9188 PCIe x16 Multi-Display Octal Graphics Card,"$1,799.00",Special Order,https://www.bhphotovideo.com/c/product/893267-REG/Matrox_m9188_e2048f_M9188_PCIE_VID_CARD.html,e49ef279-0bca-4f43-9fa4-810d1d0b7f47
MIXBSS512WH,Microsoft Xbox Series S All-Digital Gaming Console,$299.99,Waiting List Only,https://www.bhphotovideo.com/c/product/1600079-REG/microsoft_rrs_00001_xbox_series_s_512gb.html,f6920bd1-e968-40d5-b3e1-0c3f9a18b747
MIXBSX1BK,Microsoft Xbox Series X Gaming Console,$499.99,Waiting List Only,https://www.bhphotovideo.com/c/product/1600080-REG/microsoft_rrt_00001_xbox_series_x_1tb.html,fa1711e7-d840-4f12-b066-b2b2113e3a92
PNNDQ52KQ16G,PNY Technologies Dual NVIDIA Quadro K5200 Ultra-High Res Video Wall Kit,"$5,898.00",Special Order,https://www.bhphotovideo.com/c/product/1078281-REG/pny_technologies_vcqk5200sync_2k52kit_dual_nvida_quadro_k5200.html,e0f090d6-9c9a-4cc1-b85d-04582152998a
PNNDQ6KQS24G,PNY Technologies Dual NVIDIA Quadro K6000 Ultra-High Res Video Wall Kit,"$12,897.00",Special Order,https://www.bhphotovideo.com/c/product/1078280-REG/pny_technologies_vcqk6000sync_2k6kit_nvidia_quadro_k6000_ultra_high.html,d4b8084b-f154-473b-b12e-10af2102a294
PNGT10302,PNY Technologies GeForce GT 1030 Graphics Card,$129.99,In Stock,https://www.bhphotovideo.com/c/product/1598670-REG/pny_technologies_vcggt10302pb_bb_geforce_gt_1030_2gb.html,76924df4-bee9-443d-85f9-c4b8e4da4525
PNGT7102PLP,PNY Technologies GeForce GT 710 Low Profile Graphics Card,$69.99,More on the Way,https://www.bhphotovideo.com/c/product/1598671-REG/pny_technologies_vcggt7102xpb_bb_geforce_gt_710_2gb.html,b746e195-5eea-41ed-a2cd-aa7cd4c0197c
PNG1650SSFO,PNY Technologies GeForce GTX 1650 SUPER Single Fan Overclocked Edition Graphics Card,$219.99,Waiting List Only,https://www.bhphotovideo.com/c/product/1598663-REG/pny_technologies_vcg16504ssfppb_o_geforce_gtx_1650_super.html,18053c44-e012-4eec-bd2e-d09aa311cd45
PNG16606GO,PNY Technologies GeForce GTX 1660 XLR8 Gaming Overclocked Edition Graphics Card,$219.99,Waiting List Only,https://www.bhphotovideo.com/c/product/1598665-REG/pny_technologies_vcg16606sfppb_o_geforce_gtx_1660_6gb.html,67be3cf5-c2d2-464f-8840-bb6e07c80ac9
PNGR3060T8,PNY Technologies GeForce RTX 3060 Ti UPRISING Graphics Card,$621.99,Waiting List Only,https://www.bhphotovideo.com/c/product/1612141-REG/pny_technologies_vcg3060t8dfmpb_geforce_rtx_3060_ti.html,45676ec4-bbdf-4087-9d04-70404c43e8dc
PNR306012RED,PNY Technologies GeForce RTX 3060 XLR8 Gaming REVEL EPIC-X RGB Dual Fan Edition Graphics Card,$499.99,Waiting List Only,https://www.bhphotovideo.com/c/product/1627141-REG/pny_technologies_vcg306012dfxppb_geforce_rtx_3060_12gb.html,c0d848e2-7bc4-4bd7-bf2c-ed66a34cb734
PNR306012RES,PNY Technologies GeForce RTX 3060 XLR8 Gaming REVEL EPIC-X RGB Single Fan Edition Graphics Card,$489.99,Waiting List Only,https://www.bhphotovideo.com/c/product/1627142-REG/pny_technologies_vcg306012sfxppb_geforce_rtx_3060_12gb.html,8b9cf919-3559-40ef-b26b-d22973569ec2
PNR3070T8RE,PNY Technologies GeForce RTX 3070 Ti XLR8 Gaming REVEL EPIC-X RGB Triple Fan Edition Graphics Card,$999.99,Waiting List Only,https://www.bhphotovideo.com/c/product/1647430-REG/pny_technologies_vcg3070t8tfxppb_geforce_rtx_3070_ti.html,86b315fd-d129-4e90-b543-38701d3f75af
PNGR30708GC,PNY Technologies GeForce RTX 3070 UPRISING Dual Fan Graphics Card,$699.99,Waiting List Only,https://www.bhphotovideo.com/c/product/1595983-REG/pny_technologies_vcg30708dfmpb_geforce_rtx_3070_8gb.html,75dda970-2750-4d38-ab2e-a6cf4487d744
PNR3080T12RE,PNY Technologies GeForce RTX 3080 Ti XLR8 Gaming REVEL EPIC-X RGB Triple Fan Edition Graphics Card,"$1,999.99",Waiting List Only,https://www.bhphotovideo.com/c/product/1647431-REG/pny_technologies_vcg3080t12tfxppb_geforce_rtx_3080_ti.html,0e7d8eb6-88fc-4237-ad7b-873969faad2f
PNVCQK4000SP,PNY Technologies NVIDIA Quadro K4000 SDI,"$5,249.00",Special Order,https://www.bhphotovideo.com/c/product/995839-REG/pny_technologies_vcqk4000sdi_pb_nvidia_quadro_k4000_sdi.html,14b09fef-6932-495f-ba1d-5e341666c13c
PNVCQK4000S,PNY Technologies NVIDIA Quadro K4000 SDI I/O,"$8,249.00",Special Order,https://www.bhphotovideo.com/c/product/995838-REG/pny_technologies_vcqk4000sdi_io_pb_nvidia_quadro_k4000_sdi.html,432e9df9-bdaa-4bff-bef7-75437e4a34f6
PNNQ4200IO4G,PNY Technologies NVIDIA Quadro K4200 with SDI Input and Output Boards,"$8,249.00",Special Order,https://www.bhphotovideo.com/c/product/1078278-REG/pny_technologies_vcqk4200sdi_io_pb_nvidia_quadro_k4200_with.html,3e7c2eca-19cb-43b5-bb86-7fff1836d58a
PNVCQK5000S,PNY Technologies NVIDIA Quadro K5000 SDI I/O,"$8,999.00",Special Order,https://www.bhphotovideo.com/c/product/995836-REG/pny_technologies_vcqk5000sdi_io_pb_nvidia_quadro_k5000_sdi.html,560e804c-f973-4c70-bb1f-e784dda4e0cc
PNNQ52008GB,PNY Technologies NVIDIA Quadro K5200 Graphics Card with SDI Output Board,"$5,999.00",Special Order,https://www.bhphotovideo.com/c/product/1078277-REG/pny_technologies_vcqk5200sdi_pb_nvidia_quadro_k4200_graphics.html,813365f8-a70f-4639-86bd-d70e1954aa82
PNNQ5200S8GB,PNY Technologies NVIDIA Quadro K5200 Graphics Card with Sync Card,"$3,399.00",Special Order,https://www.bhphotovideo.com/c/product/1078282-REG/pny_technologies_vcqk5200sync_pb_nvidia_quadro_k5200_graphics.html,e18ddb5e-edc0-4608-9b80-8cc2704ce892
PNNQ5200IO8G,PNY Technologies NVIDIA Quadro K5200 with SDI Input and Output Boards,"$8,999.00",Special Order,https://www.bhphotovideo.com/c/product/1078276-REG/pny_technologies_vcqk5200sdi_io_pb_nvidia_quadro_k4200_with.html,d176f29e-28ca-408e-b4e3-a35ec681b4ee
PNNK6000IO,PNY Technologies NVIDIA Quadro K6000 Graphics Card with SDI I/O Board,"$12,998.00",Special Order,https://www.bhphotovideo.com/c/product/1052036-REG/pny_technologies_vcqk6000sdi_io_pb_nvidia_quadro_k6000_12gb.html,e80a7ff7-0c7c-4c9b-b4f3-667e8e90552e
PNNK6000SYNC,PNY Technologies NVIDIA Quadro K6000 with NVIDIA Quadro Sync Graphics Card,"$6,898.00",Special Order,https://www.bhphotovideo.com/c/product/1052038-REG/pny_technologies_vcqk6000sync_pb_nvidia_quadro_sync_k6000.html,e38e80d0-8c71-4e78-ba4c-5cfb950e1d10
PNQRTX5000PB,PNY Technologies NVIDIA Quadro RTX 5000 Graphics Card,"$2,499.00",Special Order,https://www.bhphotovideo.com/c/product/1497882-REG/pny_technologies_vcqrtx5000_pb_nvidia_quadro_rtx_5000.html,54da7310-891b-4b80-b8ec-cafad3a08006
PNNQT1000,PNY Technologies Nvidia Quadro T1000 Graphic Card,$499.00,New Item - Coming Soon,https://www.bhphotovideo.com/c/product/1655101-REG/pny_technologies_vcnt1000_sb_nvidia_quadro_t1000_graphic.html,2f43221c-8dff-4968-ba4e-43a55cab9ea9
PNVCQGP100PB,PNY Technologies Quadro GP100 Graphics Card,"$8,899.00",Special Order,https://www.bhphotovideo.com/c/product/1326544-REG/pny_technologies_vcqgp100_pb_nvidia_quadro_gp100.html,2254f25d-81e3-43da-afa0-640575338f0c
PNVCQGV100PB,PNY Technologies Quadro GV100 Graphics Card,"$10,560.00",Special Order,https://www.bhphotovideo.com/c/product/1402941-REG/pny_technologies_vcqgv100_pb_quadro_gv100_graphic_card.html,c32b8ef4-be1b-4416-8434-c760d5685be0
PNQK6000,PNY Technologies Quadro K6000 Graphics Card,"$4,399.99",Special Order,https://www.bhphotovideo.com/c/product/1007060-REG/pny_technologies_vcqk6000_pb_quadro_k6000_12gb_gddr5.html,b6451a2b-41d8-4a36-8d25-f57ff416927e
PNNQP1000V24,PNY Technologies Quadro P1000 V2 Graphics Card,$338.99,In Stock,https://www.bhphotovideo.com/c/product/1582968-REG/pny_technologies_vcqp1000v2_pb_nvidia_quadro_p1000_v2.html,a3bd702a-4f72-429c-b7bc-3f4bfb8a5922
PNNQP2200,PNY Technologies Quadro P2200 Graphics Card,$489.99,In Stock,https://www.bhphotovideo.com/c/product/1514247-REG/pny_technologies_vcqp2200_sb_nvidia_quadro_p2200_graphics.html,d3b09307-80b8-4b3c-afba-a23d5f5df2bd
PNNQP400V22,PNY Technologies Quadro P400 V2 Graphics Card,$144.99,More on the Way,https://www.bhphotovideo.com/c/product/1582969-REG/pny_technologies_vcqp400v2_pb_nvidia_quadro_p400_v2.html,ba2dee70-36d2-49d2-b71a-2ac95f9a9d5e
PNQRTX4000PB,PNY Technologies Quadro RTX 4000 Graphics Card,"$1,028.99",In Stock,https://www.bhphotovideo.com/c/product/1497881-REG/pny_technologies_vcqrtx4000_pb_nvidia_quadro_rtx_4000.html,be2432cc-f1e0-4e01-a566-2f7aa571608a
PNQRTX6000PB,PNY Technologies Quadro RTX 6000 Graphics Card,"$4,699.99",In Stock,https://www.bhphotovideo.com/c/product/1437880-REG/nvidia_vcqrtx6000_pb_quadro_rtx_6000_graphics.html,cfa53a80-16af-404c-8456-f9f17a07e6ef
PNQRTX8000PB,PNY Technologies Quadro RTX 8000 Graphics Card,"$8,899.00",Special Order,https://www.bhphotovideo.com/c/product/1497883-REG/pny_technologies_vcqrtx8000_pb_nvidia_quadro_rtx_8000.html,3b45d4e7-9987-44f1-99dd-c68558c8493c
PNR3060T8GRE,PNY Technologies RTX 3060 Ti XLR8 Gaming REVEL EPIC-X RGB Graphics Card,$564.99,Waiting List Only,https://www.bhphotovideo.com/c/product/1609440-REG/pny_technologies_vcg3060t8dfxppb_geforce_rtx_3060_ti.html,9ab970c3-1916-4752-a247-45e2f9f543b2
PNNRA4000,PNY Technologies RTX A4000 Graphics Card,"$1,399.00",More on the Way,https://www.bhphotovideo.com/c/product/1644218-REG/pny_technologies_vcnrtxa4000_pb_nvidia_rtx_a4000_graphics.html,f1b531e2-3967-4ea6-abf2-c1674e4a39a1
PNNRA5000,PNY Technologies RTX A5000 Graphics Card,"$2,599.00",In Stock,https://www.bhphotovideo.com/c/product/1644219-REG/pny_technologies_vcnrtxa5000_pb_nvidia_rtx_a5000_graphics.html,a0a9281e-ed6e-4372-8904-b697afb8ab8c
PNNRA6000,PNY Technologies RTX A6000 Graphics Card,"$6,999.00",In Stock,https://www.bhphotovideo.com/c/product/1607840-REG/pny_technologies_vcnrtxa6000_pb_nvidia_rtx_a6000_graphic.html,4aed5e45-cd34-43cc-a4d0-51880291a2ec
PNRTXA6000SB,PNY Technologies RTX A6000 Graphics Card (GPU Only),"$6,999.00",In Stock,https://www.bhphotovideo.com/c/product/1654548-REG/pny_technologies_vcnrtxa6000_sb_quadro_rtx_a6000_48gb.html,3be3dd91-18b6-4fd9-befe-3a57ea385dd8
PNRTXA6000SY,PNY Technologies RTX A6000 Graphics Card and Quadro Sync II Kit,"$7,399.99",In Stock,https://www.bhphotovideo.com/c/product/1656646-REG/pny_technologies_vcnrtxa6000sync_pb_nvidia_quadro_rtx_a6000.html,3fbcbd8a-a26c-41d1-9a9b-2b4e884c751e
PNNT600,PNY Technologies T600 Graphics Card,$249.00,Special Order,https://www.bhphotovideo.com/c/product/1660423-REG/pny_technologies_vcnt600_pb_nvidia_t600_graphic_card.html,f433daa5-d1c7-4a3c-9983-14ce4da0b700
PNNQT600,PNY Technologies T600 Graphics Card (GPU Only),$249.00,More on the Way,https://www.bhphotovideo.com/c/product/1660424-REG/pny_technologies_vcnt600_sb_nvidia_quadro_t600_graphic.html,7a5c7380-b092-43f4-90ee-53e0d14ff4a1
PNNK6000PB,PNY Technologies VCQK6000SDI-PB NVIDIA Quadro K6000 SDI Graphics Card,"$9,998.00",Special Order,https://www.bhphotovideo.com/c/product/1052037-REG/pny_technologies_vcqk6000sdi_pb_nvidia_quadro_k6000_12gb.html,e09e7557-6dd3-46e9-bc28-a25ea8d6da6c
PNVCQ5000SDI,PNY Technologies nVIDIA Quadro 5000 SDI I/O Professional Graphics Board,"$8,999.00",Special Order,https://www.bhphotovideo.com/c/product/836966-REG/PNY_Technologies_VCQ5000SDI_IO_PB_NVIDIA_Quadro_5000_SDI.html,23bdc7e3-6173-4715-8e86-705371a8bdd5
PNVCQ6000PB,PNY Technologies nVIDIA Quadro 6000 PCIE x16 6 GB GDDR5 Graphics Display Card,"$4,599.99",Special Order,https://www.bhphotovideo.com/c/product/732172-REG/PNY_Technologies_VCQ6000_PB_nVIDIA_Quadro_6000_PCIE.html,781bf5a7-811c-42d5-bb24-ef4dfeddb865
PNQK5000BK,PNY Technologies nVIDIA Quadro K5000 SDI Bundled Board Kit,"$5,999.00",Special Order,https://www.bhphotovideo.com/c/product/919449-REG/pny_technologies_vcqk5000sdi_pb_quadro_k5000_sdi_bundled.html,83ca0ecb-efc5-4dbb-9e61-8d675f4cf051
PNK5000,PNY Technologies nVIDIA Quadro K5000 Sync Display Card,"$3,399.00",Special Order,https://www.bhphotovideo.com/c/product/916052-REG/pny_technologies_vcqk5000sync_pb_quadro_k5000_sync_board.html,9b7f0ab2-5602-4dfa-b850-14eda884d15b
PAFZVGT551W,Panasonic AMD Dedicated Graphics xPAK,$591.95,Special Order,https://www.bhphotovideo.com/c/product/1547561-REG/panasonic_fz_vgt551w_dedicated_graphics_xpak_for.html,e5fe76f6-1ffe-4a74-b71d-e9f2f6886ed3
SA100505852,Sapphire Radeon Sky 900 Server Graphics Card,"$1,717.95",Special Order,https://www.bhphotovideo.com/c/product/1055246-REG/sapphire_100_505852_radeon_sky_900_graphic.html,081ab128-8b5e-4ade-8e6f-c3f5cbe70b3c
SMAPPRPXHD,Smart-AVI PresenterPro-HD Digital Signage Card,"$1,623.95",Special Order,https://www.bhphotovideo.com/c/product/673269-REG/Smart_AVI_APPR_PX_HD_PresenterPro_HD_Digital_Signage_Card.html,d14a504e-ad6f-4c3c-8572-d6f764ea573b
SMXP4RDS,Smart-AVI Xpander PCI Quad Display Card,"$1,379.95",Special Order,https://www.bhphotovideo.com/c/product/570081-REG/Smart_AVI_XP4_RDS_Xpander_PCI_Quad_Display.html,638d40c4-0fe9-4e4a-b7c9-d767f58bc118
SMXP4XRD,Smart-AVI Xpander Xpress Quad PCI Express Display Card,"$1,623.95",Special Order,https://www.bhphotovideo.com/c/product/570086-REG/Smart_AVI_XP4_XRD_Xpander_Xpress_Quad_PCI.html,7d8547d0-f054-498f-a397-0c869ac5e4bd
SOPS5CS,Sony PlayStation 5 Gaming Console,$499.99,Waiting List Only,https://www.bhphotovideo.com/c/product/1595083-REG/sony_3005718_playstation_5_gaming_console.html,3a521b04-18f6-4148-9458-18b8ec447e10
VI54502GB,VisionTek Radeon 5450 Graphics Card,$70.00,Special Order,https://www.bhphotovideo.com/c/product/1232707-REG/visiontek_900861_radeon_5450_graphics_card.html,c8f7dfb7-c2d8-4193-82c3-432b19f60930
VIH54PVH4H,VisionTek Radeon HD 5570 4-Port HDMI/VHDCI Graphics Card,$179.99,Special Order,https://www.bhphotovideo.com/c/product/1302690-REG/visiontek_900901_hd_5570_4_port_vhdci.html,673a0761-70d8-4764-af05-e0393dbd7d29
VIRH55701GGC,VisionTek Radeon HD 5570 Graphics Card,$185.06,Special Order,https://www.bhphotovideo.com/c/product/1068007-REG/visiontek_900345_radeon_hd_5570.html,4606db6b-24d9-4035-83dd-58e5fb2e8779
VIHD77505MGC,VisionTek Radeon HD 7750 5M 4K UHD 5-Monitor Graphics Card,$366.99,Special Order,https://www.bhphotovideo.com/c/product/1075304-REG/visiontek_900690_radeon_hd_7750_graphic.html,a511729d-3df9-4ac8-abb4-5a95817cd690
VIRHD7750GC,VisionTek Radeon HD 7750 Small Form Factor Graphics Card with HDMI Outputs,$159.80,Special Order,https://www.bhphotovideo.com/c/product/1114130-REG/visiontek_900574_radeon_hd7750_small_form.html,5b042f44-6959-4e9f-854b-40d8642be6a2
XFRX66XT8LBD,XFX Radeon RX 6600 XT SPEEDSTER QICK 308 BLACK Gaming Graphics Card,$479.99,Waiting List Only,https://www.bhphotovideo.com/c/product/1657927-REG/xfx_rx_66xt8lbdq_radeon_rx_6600_xt.html,c0f3a286-401e-4678-938c-8b1842fc0741
XFM319AR67XB,XFX Radeon RX 6700 XT SPEEDSTER MERC 319 BLACK Gaming Graphics Card,$849.99,Waiting List Only,https://www.bhphotovideo.com/c/product/1630554-REG/xfx_force_rx_67xtytbdp_merc_319_amd_radeon.html,e005c9ac-98cb-4004-a463-96ea6974a181
XFR67XTYPBDP,XFX Radeon RX 6700 XT SPEEDSTER QICK 319 BLACK Gaming Graphics Card,$849.99,More on the Way,https://www.bhphotovideo.com/c/product/1635707-REG/xfx_rx_67xtypbdp_speedster_qick_319_amd.html,3322e8a2-353c-4fb2-b908-5bd51f01d491
XFRX6800QBK,XFX Radeon RX 6800 Speedster QICK 319 BLACK Gaming Graphics Card,"$1,099.99",Waiting List Only,https://www.bhphotovideo.com/c/product/1645075-REG/xfx_rx_68xlalbd9_rx_6800_qick_black.html,72f71851-0e86-4a32-8bf9-b2ef919a08ff
XFR68XLATBD9,XFX Speedster MERC 319 Radeon RX 6800 BLACK Gaming Graphics Card,"$1,029.99",Waiting List Only,https://www.bhphotovideo.com/c/product/1609792-REG/xfx_force_rx_68xlatbd9_speedster_merc_319_amd.html,775c4aaa-9e71-45b1-9b93-6f8bec6da59e
XFR68XTACBD9,XFX Speedster MERC 319 Radeon RX 6800 XT BLACK Gaming Graphics Card,"$1,499.99",Waiting List Only,https://www.bhphotovideo.com/c/product/1609793-REG/xfx_force_rx_68xtacbd9_speedster_merc_319_amd.html,cc639917-20b9-4963-b9ef-2f6d0f006143
XFARR6800XTC,XFX Speedster MERC 319 Radeon RX 6800 XT CORE Gaming Graphics Card,"$1,349.99",More on the Way,https://www.bhphotovideo.com/c/product/1630663-REG/xfx_rx_68xtalfd9_speedster_merc_319_amd.html,0d0da157-c7cb-4865-bab9-f28f3c7742f3
XFX69XTACBD9,XFX Speedster MERC 319 Radeon RX 6900 XT Black Gaming Graphics Card,"$1,699.99",In Stock,https://www.bhphotovideo.com/c/product/1617771-REG/xfx_force_rx_69xtacbd9_amd_radeon_rx_6900.html,4fedc217-6712-46e8-9389-7369a05abf21
XFR69XTACUD9,XFX Speedster MERC 319 Radeon RX 6900 XT Ultra Gaming Graphics Card,"$1,699.99",Waiting List Only,https://www.bhphotovideo.com/c/product/1622626-REG/xfx_force_rx_69xtacud9_speedster_merc_319_amd.html,b53d3e71-a46f-4236-8c4e-4f6804cdb7c3
ZOZTT16510F1,ZOTAC GAMING GeForce GTX 1650 SUPER Twin Fan Graphics Card,$339.99,Waiting List Only,https://www.bhphotovideo.com/c/product/1522210-REG/zotac_zt_t16510f_10l_gaming_geforce_gtx_1650.html,01ce42c7-eb3f-4691-bdd7-a391779e882c
ZOT16600K10M,ZOTAC GAMING GeForce GTX 1660 TWIN Fan Graphics Card,$439.99,More on the Way,https://www.bhphotovideo.com/c/product/1507353-REG/zotac_zt_t16600k_10m_geforce_gtx_1660_mini.html,70daa65a-b450-4c3d-a23f-e820c8ed3601
ZOZTA30610E1,ZOTAC GAMING GeForce RTX 3060 Ti Twin Edge Graphics Card,$529.99,Waiting List Only,https://www.bhphotovideo.com/c/product/1608081-REG/zotac_zt_a30610e_10m_gaming_geforce_rtx_3060.html,07456699-3c1f-4765-b047-d2cba97d9583
ZOZTA30610H1,ZOTAC GAMING GeForce RTX 3060 Ti Twin Edge OC Graphics Card,$629.99,Waiting List Only,https://www.bhphotovideo.com/c/product/1608111-REG/zotac_zt_a30610h_10m_gaming_geforce_rtx_3060.html,e6da6e61-81da-408e-bc87-9560d297147d
ZOA30600H,ZOTAC GAMING GeForce RTX 3060 Twin Edge OC Graphics Card,$519.99,Waiting List Only,https://www.bhphotovideo.com/c/product/1622922-REG/zotac_zt_a30600h_10m_gaming_geforce_rtx_3060.html,881ec1e0-8d91-4726-b10a-f4c4d4391785
ZOGR3070TEGC,ZOTAC GAMING GeForce RTX 3070 Twin Edge Graphics Card,$619.99,Waiting List Only,https://www.bhphotovideo.com/c/product/1592968-REG/zotac_zt_a30700e_10p_gaming_geforce_rtx_3070.html,bf86ad4a-a6bc-4aed-ab57-0c88983bdef3
ZOZTA30700H,ZOTAC GAMING GeForce RTX 3070 Twin Edge OC Graphics Card,$719.99,Waiting List Only,https://www.bhphotovideo.com/c/product/1600127-REG/zotac_zt_a30700h_10p_gaming_geforce_rtx_3070.html,2749900c-9188-49e1-aed5-fb77a29cb86e
ZOGT1030GC,ZOTAC GeForce GT 1030 Graphics Card,$139.99,More on the Way,https://www.bhphotovideo.com/c/product/1338646-REG/zotac_zt_p10300a_10l_geforce_gt_1030_2gb.html,1f726d71-8f43-48b0-b9e7-ded929e25306
ZOZT7130220L,ZOTAC GeForce GT 710 Graphics Card,$59.99,More on the Way,https://www.bhphotovideo.com/c/product/1221866-REG/zotac_zt_71302_20l_geforce_gt_710_graphics.html,c21bb271-9458-4b77-a925-9ad1c0c5ebd6
ZOZT7130420L,ZOTAC GeForce GT 710 ZONE Edition Graphics Card,$59.99,More on the Way,https://www.bhphotovideo.com/c/product/1334574-REG/zotac_zt_71304_20l_geforce_gt_710_zone.html,99f4569e-ccaf-4fae-8db3-a81249d8e968
ZOGT730ZONGC,ZOTAC GeForce GT 730 Zone Edition Graphics Card,$115.99,More on the Way,https://www.bhphotovideo.com/c/product/1365547-REG/zotac_zt_71115_20l_geforce_gt_730_zone.html,5d5ca9e3-8f5a-4b1e-8c7a-593541c88ba0
ZOGGR3090TO,ZOTAC GeForce RTX 3090 GAMING Trinity OC Gaming Graphics Card,"$2,199.99",Waiting List Only,https://www.bhphotovideo.com/c/product/1622297-REG/zotac_zt_a30900j_10p_gaming_geforce_rtx_3090.html,e3ce059e-9e14-4f59-869d-ad65ce3b171b
