MicroCenter_Price,MicroCenter_SKU,MicroCenter_Model Number,MicroCenter_Link,UUID
849.99,295618,VG-RX6700XT CLD,https://www.microcenter.com/product/639278/asrock-amd-radeon-rx-6700-xt-challenger-d-overclocked-dual-fan-12gb-gddr6-pcie-40-graphics-card,3e7add53-1334-4883-a0b4-a9914f56cda6
1999.99,282228,VG-RX6900XT OCF,https://www.microcenter.com/product/638047/asrock-amd-radeon-rx-6900-xt-formula-overclocked-triple-fan-16gb-gddr6-pcie-40-graphics-card,b147e1f5-69ba-4f42-ae93-f225a103d432
499.99,308361,DUALRX6600XTO8G,https://www.microcenter.com/product/640335/asus-amd-radeon-rx-6600-xt-dual-overclocked-dual-fan-8gb-gddr6-pcie-40-graphics-card,1a0d55b2-75a1-4bbe-aa95-91024d0b7ac5
929.99,249276,STXRX6700XTO12G,https://www.microcenter.com/product/635167/asus-amd-radeon-rx-6700-xt-rog-strix-overclocked-triple-fan-12gb-gddr6-pcie-40-graphics-card,f355083a-c6da-408d-9d9f-3b0c0bdd857d
899.99,248781,TUFRX6700XTO12G,https://www.microcenter.com/product/635168/asus-amd-radeon-rx-6700-xt-tuf-overclocked-triple-fan-12gb-gddr6-pcie-40-graphics-card,87643409-9f6a-4bb4-8b6c-6bbe6ecdbb77
2499.99,291849,STXLC6900XTT16G,https://www.microcenter.com/product/638377/asus-amd-radeon-rx-6900-xt-rog-strix-lc-overclocked-hybrid-cooled-16gb-gddr6-pcie-40-graphics-card,10b5190b-0735-49ac-bd91-5ca60b85f398
1599.99,217331,TUFRX6900XTO16G,https://www.microcenter.com/product/632292/asus-amd-radeon-rx-6900-xt-tuf-gaming-overclocked-triple-fan-16gb-gddr6-pcie-40-graphics-card,1a9fd169-8a5b-40c4-9f51-5b8868f34611
89.99,329623,GT1030-2G-CSM,https://www.microcenter.com/product/479898/asus-geforce-gt-1030-passive-2gb-gddr5-pcie-graphics-card,4a99d028-dc24-4818-bfe0-67ee68c8ece7
109.99,344911,PH-GT1030-O2G,https://www.microcenter.com/product/480789/asus-geforce-gt-1030-phoenix-overclocked-single-fan-2gb-gddr5-pcie-30-graphics-card,c5afcf0a-1414-4b3b-ac5f-164918ad2d92
49.99,388249,90YV0AL2-M0NA00,https://www.microcenter.com/product/484122/asus-geforce-gt-710-low-profile-passive-1gb-gddr5-pcie-20-graphics-card,b746e195-5eea-41ed-a2cd-aa7cd4c0197c
59.99,360297,90YV0AL4-M0NA00,https://www.microcenter.com/product/481747/asus-geforce-gt-710-low-profile-passive-2gb-gddr5-pcie-graphics-card,8edeea46-043c-440e-a51b-fa2360034639
74.99,154088,GT710-4HSL-2GD5,https://www.microcenter.com/product/626703/asus-geforce-gt-710-passive-cooled-2gb-gddr5-pcie-20-graphics-card,1f8b299b-8864-4a7d-a478-56f0a5a160d5
249.99,57810,TUFGTX1650SO4GG,https://www.microcenter.com/product/617082/asus-geforce-gtx-1650-super-tuf-gaming-overclocked-dual-fan-4gb-gddr6-pcie-30-graphics-card,80b811c2-bde4-4b3a-bc8c-ebdddfae17cf
219.99,167668,TGTX1650O4GD6PG,https://www.microcenter.com/product/627658/asus-geforce-gtx-1650-tuf-gaming-overclocked-dual-fan-4gb-gddr6-pcie-30-graphics-card,393cdf8f-8e2a-4154-8ccc-4883b94a338b
349.99,71092,90YV0DW1-M0AA00,https://www.microcenter.com/product/617824/asus-geforce-gtx-1660-super-advance-rog-strix-overclocked-dual-fan-6gb-gddr6-pcie-30-graphics-card,9fcdc8b8-f618-4392-9afc-746fc40de119
329.99,55160,TUFGTX1660SO4GG,https://www.microcenter.com/product/617084/asus-geforce-gtx-1660-super-tuf-overclocked-dual-fan-6gb-gddr6-pcie-30-graphics-card,191e02e0-d00d-48b4-8190-aecfcc220639
439.99,40196,DRTX2060O6GEVO,https://www.microcenter.com/product/614595/asus-geforce-rtx-2060-dual-overclocked-dual-fan-6gb-gddr6-pcie-30-graphics-card,de5d5f14-5a55-4edc-a8cf-cf3d3b3ad2fb
679.99,196279,DUAL-RTX3070-O8,https://www.microcenter.com/product/630682/asus-geforce-rtx-3070-dual-overclocked-dual-fan-8gb-gddr6-pcie-40-graphics-card,209b6528-b51d-41ae-a283-f7be620cb20f
1049.99,173096,TUFRTX3080-O10G,https://www.microcenter.com/product/628318/asus-geforce-rtx-3080-tuf-gaming-overclocked-triple-fan-10gb-gddr6x-pcie-40-graphics-card,da200194-f0bd-45f2-bc5e-c18b3af333b1
2229.99,177071,STXRTX3090-O24G,https://www.microcenter.com/product/628685/asus-geforce-rtx-3090-strix-overclocked-triple-fan-24gb-gddr6x-pcie-40-graphics-card,72ea6e4b-8c7a-4927-af47-6ea3e9a58af6
2129.99,173120,TUFRTX3090-O24G,https://www.microcenter.com/product/628321/asus-geforce-rtx-3090-tuf-gaming-overclocked-triple-fan-24gb-gddr6x-pcie-40-graphics-card,023db2b7-2ed4-4d33-9c9b-9801003a2bb3
209.99,246843,DGTX1650O4GD6MN,https://www.microcenter.com/product/635036/asus-nvidia-gtx-1650-dual-overclocked-dual-fan-4gb-gddr6-pcie-30-graphics-card,3fe53c37-802d-478e-b003-78883f5f4fff
79.99,324053,GT730-SL-2GD5BK,https://www.microcenter.com/product/641955/asus-nvidia-geforce-gt-730-low-profile-passive-cooled-2gb-gddr5-pcie-30-graphics-card,1539eed2-8724-464d-9a93-d014b31ee80d
299.99,292771,PHGTX1660O6G,https://www.microcenter.com/product/639045/asus-nvidia-geforce-gtx-1660-phoenix-overclocked-single-fan-6gb-gddr5-pcie-30-graphics-card,2fb2b839-a3d0-43bd-9e44-87295b825364
459.99,282210,STXRTX2060EVOV2,https://www.microcenter.com/product/638075/asus-nvidia-geforce-rtx-2060-rog-strix-evo-v2-gaming-triple-fan-6gb-gddr6-pcie-30-graphics-card,4a1b165f-16b0-4700-9ece-ebafe4e4ee4b
469.99,295071,D-RTX3060O12G-V,https://www.microcenter.com/product/639235/asus-nvidia-geforce-rtx-3060-dual-v2-overclocked-dual-fan-12gb-gddr6-pcie-40-graphics-card,af90e27a-d5bf-42aa-b1c0-34924d8ff5f8
529.99,295022,STXRTX3060O12V2,https://www.microcenter.com/product/639240/asus-nvidia-geforce-rtx-3060-rog-strix-v2-overclocked-triple-fan-12gb-gddr6-pcie-40-graphics-card,1495ede7-1b39-4135-be47-a319175718cb
509.99,294991,TUFRTX3060O12V2,https://www.microcenter.com/product/639242/asus-nvidia-geforce-rtx-3060-tuf-gaming-v2-overclocked-triple-fan-12gb-gddr6-pcie-40-graphics-card,5ba4a1ce-8a4e-4774-9e8b-bf3aab34e811
589.99,310201,KORTX3060TIO8G2,https://www.microcenter.com/product/640596/asus-nvidia-geforce-rtx-3060-ti-ko-lhr-overclocked-dual-fan-8gb-gddr6-pcie-40-graphics-card,8549d88a-e9d0-43f6-90ad-13f36624dbff
649.99,310193,STX3060TIO8GV2,https://www.microcenter.com/product/640595/asus-nvidia-geforce-rtx-3060-ti-rog-strix-lhr-overclocked-triple-fan-8gb-gddr6-pcie-40-graphics-card,dd4df5ff-9578-4312-95dd-839262d12baf
609.99,295030,TUF3060TIO8GV2,https://www.microcenter.com/product/639243/asus-nvidia-geforce-rtx-3060-ti-tuf-gaming-v2-overclocked-triple-fan-8gb-gddr6-pcie-40-graphics-card,4c601129-2cc8-47ba-93bb-1ebb6c1cebd9
499.99,319236,D3060TIO8GMNV2,https://www.microcenter.com/product/641433/asus-nvidia-geforce-rtx-3060-ti-v2-mini-lhr-overclocked-dual-fan-8gb-gddr6-pcie-40-graphics-card,c9d7e5c1-4bdf-4d41-8198-9e52e71cc61e
679.99,310185,DUALRTX3070O8G2,https://www.microcenter.com/product/640597/asus-nvidia-geforce-rtx-3070-dual-lhr-overclocked-dual-fan-8gb-gddr6-pcie-40-graphics-card,ad276969-ae8b-4bb9-bf2d-1afde39d211b
729.99,307314,KORTX3070O8GV2,https://www.microcenter.com/product/640222/asus-nvidia-geforce-rtx-3070-ko-v2-lhr-overclocked-dual-fan-8gb-gddr6-pcie-40-graphics-card,20e99032-c794-4abf-949a-414518796cc9
779.99,295014,STXRTX3070O8GV2,https://www.microcenter.com/product/639241/asus-nvidia-geforce-rtx-3070-rog-strix-v2-overclocked-triple-fan-8gb-gddr6-pcie-40-graphics-card,bbe28e0b-b659-4532-a5ad-3746e28acc9e
829.99,319194,STXR3070O8GWTV2,https://www.microcenter.com/product/641376/asus-nvidia-geforce-rtx-3070-rog-strix-white-v2-lhr-overclocked-triple-fan-8gb-gddr6-pcie-40-graphics-card,25a38022-0f35-454e-9f6d-623cd248920b
749.99,294983,TUFRTX3070O8GV2,https://www.microcenter.com/product/639244/asus-nvidia-geforce-rtx-3070-tuf-gaming-v2-overclocked-triple-fan-8gb-gddr6-pcie-40-graphics-card,a6def6f3-ee36-4029-8b07-a72652435b6a
999.99,283184,STXRTX3070TIO8G,https://www.microcenter.com/product/638233/asus-nvidia-geforce-rtx-3070-ti-rog-strix-overclocked-triple-fan-8gb-gddr6x-pcie-40-graphics-card,35712d9b-61a0-43c4-b281-a09cf3ab6d3c
949.99,283176,TUFRTX3070TIO8G,https://www.microcenter.com/product/638234/asus-nvidia-geforce-rtx-3070-ti-tuf-gaming-overclocked-triple-fan-8gb-gddr6x-pcie-40-graphics-card,b4d5ea5f-4a8c-4d42-830e-4c4b9da976a7
1099.99,307330,STXRTX3080O10GV,https://www.microcenter.com/product/640224/asus-nvidia-geforce-rtx-3080-rog-strix-v2-lhr-gaming-overclocked-triple-fan-10gb-gddr6x-pcie-40-graphics-card,7b7ab666-8307-4a9b-bf6d-d1d49ef8dae7
1159.99,307348,RTX3080O10GWTV2,https://www.microcenter.com/product/640225/asus-nvidia-geforce-rtx-3080-rog-strix-v2-lhr-gaming-white-overclocked-triple-fan-10gb-gddr6x-pcie-40-graphics-card,122973be-4b69-4670-94b7-e97520b5ce38
1049.99,299594,TUF3080O10GV2,https://www.microcenter.com/product/639631/asus-nvidia-geforce-rtx-3080-tuf-gaming-v2-lhr-overclocked-triple-fan-10gb-gddr6x-pcie-40-graphics-card,1e6c0443-56a6-45b2-aa0a-44d7caa0f32e
2099.99,292763,LCRTX3080TIO12G,https://www.microcenter.com/product/639047/asus-nvidia-geforce-rtx-3080-ti-rog-strix-lc-overclocked-hybrid-cooled-12gb-gddr6-pcie-40-graphics-card,1faa594e-be99-4131-8a17-3f327c22973f
1999.99,279869,STXRTX3080TIO12,https://www.microcenter.com/product/637877/asus-nvidia-geforce-rtx-3080-ti-rog-strix-overclocked-triple-fan-12gb-gddr6x-pcie-40-graphics-card,5bd8fcc6-a2cf-42ec-af41-7225b51b7f9c
1899.99,279877,TUFRTX3080TIO12,https://www.microcenter.com/product/637879/asus-nvidia-geforce-rtx-3080-ti-tuf-overclocked-triple-fan-12gb-gddr6x-pcie-40-graphics-card,d6f7ff6a-290c-4ebd-9b2a-2ac6aa6d1942
2349.99,213793,STXRTX3090O24GW,https://www.microcenter.com/product/631999/asus-nvidia-geforce-rtx-3090-rog-strix-white-overclocked-triple-fan-24gb-gddr6x-pcie-40-graphics-card,dbd45899-3bba-4aa1-a662-6be093519065
189.99,194621,PH-GTX1050TI-4G,https://www.microcenter.com/product/472489/asus-phoenix-geforce-gtx-1050-ti-single-fan-4gb-gddr5-pcie-video-card,33c6c810-04e6-42c7-bae6-dfe64f1e26ba
599.99,70995,STRIXRX5700XTO8,https://www.microcenter.com/product/618532/asus-radeon-rx-5700-xt-rog-strix-overclocked-triple-fan-8gb-gddr6-pcie-40-graphics-card,c2fdecb9-569e-41ca-8a8a-fa351f16e126
1199.99,210351,TUFRX6800XTO16G,https://www.microcenter.com/product/631693/asus-radeon-rx-6800-xt-tuf-gaming-overclocked-triple-fan-16gb-gddr6-pcie-40-graphics-card,145f175e-cc45-4bed-9b48-f124d328e9ca
889.99,173013,10G-P5-3897-KR,https://www.microcenter.com/product/628346/evga-geforce-rtx-3080-ftw3-ultra-gaming-triple-fan-10gb-gddr6x-pcie-40-graphics-card,440e08a0-e14a-4812-a01e-5aee4cf9301b
849.99,173047,10G-P5-3885-KR,https://www.microcenter.com/product/628344/evga-geforce-rtx-3080-xc3-ultra-gaming-triple-fan-10gb-gddr6x-pcie-40-graphics-card,b481058c-eebf-4abd-b77a-bfaeeec6b156
1909.99,177923,24G-P5-3987-KR,https://www.microcenter.com/product/628738/evga-geforce-rtx-3090-ftw3-ultra-triple-fan-24gb-gddr6x-pcie-40-graphics-card,b6b56db1-9bc3-4db3-b5d7-c4af7a3cc2bb
529.99,297275,08G-P5-3667-KL,https://www.microcenter.com/product/639407/evga-nvidia-geforce-rtx-3060-ti-ftw3-ultra-gaming-lhr-triple-fan-8gb-gddr6-pcie-40-graphics-card,554f3b2f-9a7f-41cc-b09b-072ef18a33b4
469.99,291583,08G-P5-3663-KL,https://www.microcenter.com/product/638989/evga-nvidia-geforce-rtx-3060-ti-xc-gaming-dual-fan-8gb-gddr6-pcie-40-graphics-card,4b491804-8ee3-4f73-adc7-5c610400df8d
409.99,240093,12G-P5-3657-KR,https://www.microcenter.com/product/634181/evga-nvidia-geforce-rtx-3060-xc-gaming-dual-fan-12gb-gddr6-pcie-40-graphics-card,f0185fd4-6724-454f-9258-49a5253af00d
709.99,291567,08G-P5-3767-KL,https://www.microcenter.com/product/638988/evga-nvidia-geforce-rtx-3070-ftw3-ultra-gaming-triple-fan-8gb-gddr6-pcie-40-graphics-card,ea45437e-d6ce-49f0-842b-d71d93efc066
819.99,287342,08G-P5-3797-KL,https://www.microcenter.com/product/638611/evga-nvidia-geforce-rtx-3070-ti-ftw3-ultra-gaming-triple-fan-8gb-gddr6x-pcie-40-graphics-card,5d7d7b26-d49e-455f-b94f-178b5511f76d
909.99,294058,10G-P5-3897-KL,https://www.microcenter.com/product/639169/evga-nvidia-geforce-rtx-3080-ftw3-ultra-gaming-triple-fan-10gb-gddr6x-pcie-40-graphics-card,161d0cd1-1233-4bf8-b73e-496724546f70
1419.99,283739,12G-P5-3967-KR,https://www.microcenter.com/product/638317/evga-nvidia-geforce-rtx-3080-ti-ftw3-ultra-gaming-triple-fan-12gb-gddr6x-pcie-40-graphics-card,31956b7f-8691-454d-b809-2ce66ff91517
439.99,311902,GV-R66XTEAGLE-8,https://www.microcenter.com/product/640801/gigabyte-amd-radeon-rx-6600-xt-eagle-overclocked-triple-fan-8gb-gddr6-pcie-40-graphics-card,01af5d8f-52de-43a1-8d48-59b398526e60
469.99,311894,GV-R66XTGAMING,https://www.microcenter.com/product/640593/gigabyte-amd-radeon-rx-6600-xt-gaming-overclocked-triple-fan-8gb-gddr6-pcie-40-graphics-card,1e8cbf51-64ff-4cb7-9283-4a6a683757fd
499.99,311910,GV-R66XTGAMINGO,https://www.microcenter.com/product/640594/gigabyte-amd-radeon-rx-6600-xt-gaming-pro-overclocked-triple-fan-8gb-gddr6-pcie-40-graphics-card,8c7e5f3b-48a6-48ce-998d-a33bca7818a3
899.99,255380,GVR67XTEAGLE12G,https://www.microcenter.com/product/635351/gigabyte-amd-radeon-rx-6700-xt-eagle-triple-fan-12gb-gddr6-pcie-40-graphics-card,e45b79af-9843-4ead-bce9-da4de71fa8e8
959.99,255364,GVR67XTGAMINGOC,https://www.microcenter.com/product/635349/gigabyte-amd-radeon-rx-6700-xt-gaming-overclocked-triple-fan-12gb-gddr6-pcie-40-graphics-card,715e8a2f-163e-4beb-9b84-136a14d721ce
1329.99,213710,GV-R68XTGAMING,https://www.microcenter.com/product/631991/gigabyte-amd-radeon-rx-6800-xt-gaming-overclocked-triple-fan-16gb-gddr6-pcie-40-graphics-card,23161394-e147-449b-a612-d61612b7544b
2159.99,278903,GVR69XTAORUSM16,https://www.microcenter.com/product/637799/gigabyte-amd-radeon-rx-6900-xt-aorus-master-overclocked-triple-fan-16gb-gddr6-pcie-40-graphics-card,282fcfad-85ec-42c7-86be-ed3d24dd630c
2059.99,276071,GV-R69XTGAMING,https://www.microcenter.com/product/637575/gigabyte-amd-radeon-rx-6900-xt-gaming-overclocked-triple-fan-16gb-gddr6-pcie-40-graphics-card,9f99669a-6530-46f4-8e3c-ffa8454bcf57
84.99,329185,GV-N1030D5-2GL,https://www.microcenter.com/product/479738/gigabyte-geforce-gt-1030-low-profile-single-fan-2gb-gddr5-pcie-30-graphics-card,8789f0b4-538b-4675-a14e-f0db3474eedf
279.99,178954,GV-N105TD5-4GD,https://www.microcenter.com/product/472014/gigabyte-geforce-gtx-1050-ti-single-fan-4gb-gddr5-pcie-video-card,aaa405ab-bfe0-452e-ac50-298a34f9a122
319.99,925362,GV-N2060OC-6GD,https://www.microcenter.com/product/602930/gigabyte-geforce-rtx-2060-overclocked-dual-fan-6gb-gddr6-pcie-30-graphics-card,fbfabe72-9fa3-4ae5-8748-9533d0eaee3f
749.99,194647,GV-N3070GAMING,https://www.microcenter.com/product/630033/gigabyte-geforce-rtx-3070-gaming-overclocked-triple-fan-8gb-gddr6-pcie-40-graphics-card,e900d109-de07-4a60-8ce1-6555a96653e5
2099.99,174128,GV-N3090EAGLE O,https://www.microcenter.com/product/628414/gigabyte-geforce-rtx-3090-eagle-overclocked-triple-fan-24gb-gddr6x-pcie-40-graphics-card,314fee2b-df3a-4075-b484-72930f0ab653
2129.99,174151,GV-N3090GAMING,https://www.microcenter.com/product/628413/gigabyte-geforce-rtx-3090-gaming-overclocked-triple-fan-24gb-gddr6x-pcie-40-graphics-card,2836b4aa-61e6-4244-aabc-a77c26dbb459
109.99,283358,GV-N1030D4-2GL,https://www.microcenter.com/product/638152/gigabyte-nvidia-geforce-gt-1030-low-profile-d4-single-fan-2gb-gddr4-pcie-30-graphics-card,850f9629-cdbe-4a8f-9546-b3ca96e0a8db
499.99,287722,GV-N3060AORUS E,https://www.microcenter.com/product/638652/gigabyte-nvidia-geforce-rtx-3060-aorus-elite-rev-2-overclocked-triple-fan-12gb-gddr6-pcie-40-graphics-card,21eec95e-07c8-4ba7-b84a-29b3e8174e9c
459.99,287714,GV-N3060GAMING,https://www.microcenter.com/product/638651/gigabyte-nvidia-geforce-rtx-3060-gaming-rev-2-overclocked-triple-fan-12gb-gddr6-pcie-40-graphics-card,011cfa4c-cddc-4468-a4fd-77803e5af8a9
599.99,309435,R2GVN306TAORUSE,https://www.microcenter.com/product/640396/gigabyte-nvidia-geforce-rtx-3060-ti-aorus-elite-lhr-overclocked-triple-fan-8gb-gddr6-pcie-40-graphics-card,1fb5b296-f6fd-4433-a052-f76a322c36f9
569.99,298141,R3GVN306TGAMING,https://www.microcenter.com/product/639484/gigabyte-nvidia-geforce-rtx-3060-ti-gaming-pro-lhc-overclocked-triple-fan-8gb-gddr6-pcie-40-graphics-card,27d93e37-08b2-495f-85eb-c8babe13b090
569.99,309930,,https://www.microcenter.com/product/640620/gigabyte-nvidia-geforce-rtx-3060-ti-gaming-rev-2-overclocked-triple-fan-8gb-gddr6-pcie-40-graphics-card,adbff5a6-a437-4e9f-aa99-d50df22f7ee2
799.99,303826,R2GVN3070AORUSM,https://www.microcenter.com/product/639900/gigabyte-nvidia-geforce-rtx-3070-aorus-master-lhr-overclocked-triple-fan-8gb-gddr6-pcie-40-graphics-card,7255c8cc-a596-40ec-b01b-bf126ceebb98
979.99,287250,GV-N307TAORUS M,https://www.microcenter.com/product/638606/gigabyte-nvidia-geforce-rtx-3070-ti-aorus-master-overclocked-triple-fan-8gb-gddr6x-pcie-40-graphics-card,3032c504-14b9-4fee-8863-900a557fd47a
849.99,287243,GV-N307TGAMING,https://www.microcenter.com/product/638605/gigabyte-nvidia-geforce-rtx-3070-ti-gaming-overclocked-triple-fan-8gb-gddr6x-pcie-40-graphics-card,b5b3b06d-73c4-44e8-9338-34ac8baecc77
1099.99,298620,R3GVN3080AORUSM,https://www.microcenter.com/product/639486/gigabyte-nvidia-geforce-rtx-3080-aorus-master-lhr-overclocked-triple-fan-10gb-gddr6x-pcie-40-graphics-card,fc3ab0c0-c047-467e-a8f9-265037285af8
1599.99,299115,GVN308TAORUSM12,https://www.microcenter.com/product/639527/gigabyte-nvidia-geforce-rtx-3080-ti-aorus-master-overclocked-triple-fan-12gb-gddr6x-pcie-40-graphics-card,24b3e46c-7576-4517-ad92-3c90707e8c4b
1649.99,299099,GVN308TAORUSX12,https://www.microcenter.com/product/639526/gigabyte-nvidia-geforce-rtx-3080-ti-aorus-xtreme-overclocked-triple-fan-12gb-gddr6x-pcie-40-graphics-card,9b65022e-84f9-4a18-8bdc-9941a13e6967
1199.99,307306,GV-N308TEAGLE-1,https://www.microcenter.com/product/640166/gigabyte-nvidia-geforce-rtx-3080-ti-eagle-overclocked-triple-fan-12gb-gddr6x-pcie-40-graphics-card,08d0c615-c420-4985-9c51-94fe4a313813
1479.99,284331,GV-N308TGAMING,https://www.microcenter.com/product/638405/gigabyte-nvidia-geforce-rtx-3080-ti-gaming-overclocked-triple-fan-12gb-gddr6-pcie-40-graphics-card,588ffa0e-47f5-495b-a959-f17c0b417163
1129.99,300525,R2GVN3080AORUSX,https://www.microcenter.com/product/639675/gigabyte-nvidia-geforce-rtx-3080-xtreme-overclocked-triple-fan-10gb-gddr6x-pcie-40-graphics-card,31d6d01b-a6ba-49c0-bbf0-36aeb7f1ecb3
2149.99,210864,GV-N3090VISION,https://www.microcenter.com/product/631756/gigabyte-nvidia-geforce-rtx-3090-vision-overclocked-triple-fan-24gb-gddr6x-pcie-40-graphics-card,59c281cf-2402-43a3-8171-b427ee5d73d5
579.99,308312,RX6600XTGAMINGX,https://www.microcenter.com/product/640263/msi-amd-radeon-rx-6600-xt-gaming-x-dual-fan-8gb-gddr6-pcie-40-graphics-card,b703f661-e23f-427a-ae90-410ed62bd81f
559.99,308304,RX6600XTMECH2X8,https://www.microcenter.com/product/640264/msi-amd-radeon-rx-6600-xt-mech-2x-overclocked-dual-fan-8gb-gddr6-pcie-40-graphics-card,e42b9daa-4de1-4580-92ad-bd9b7f4a40bd
879.99,250043,RX6700XTGAMINGX,https://www.microcenter.com/product/635277/msi-amd-radeon-rx-6700-xt-gaming-x-dual-fan-12gb-gddr6-pcie-40-graphics-card,cd514709-7fcd-40c3-8131-3f772af3b16b
809.99,250035,RX6700XTMECH2X1,https://www.microcenter.com/product/635278/msi-amd-radeon-rx-6700-xt-mech-2x-dual-fan-12gb-gddr6-pcie-40-graphics-card,898ff394-3258-4f33-9a92-b4e0dd69ac6f
839.99,250027,RX6700XTOCMECH2,https://www.microcenter.com/product/635279/msi-amd-radeon-rx-6700-xt-mech-2x-overclocked-dual-fan-12gb-gddr6-pcie-40-graphics-card,39065793-2e17-40c3-bdb6-6ceeec89cde6
1219.99,220517,R6800GXT16,https://www.microcenter.com/product/632560/msi-amd-radeon-rx-6800-gaming-x-trio-overclocked-triple-fan-16gb-gddr6-pcie-40-graphics-card,c27c07f7-f22a-44d0-a784-f871b875a221
1319.99,220525,R6800XTGXT16,https://www.microcenter.com/product/632555/msi-amd-radeon-rx-6800-xt-gaming-x-trio-overclocked-triple-fan-16gb-gddr6-pcie-40-graphics-card,540985dc-9b9b-4fad-8f25-90d66b612fdb
1719.99,239541,R6900XTGXT16,https://www.microcenter.com/product/634191/msi-amd-radeon-rx-6900-xt-gaming-x-trio-triple-fan-16gb-gddr6-pcie-40-graphics-card,9332c98d-cead-4eff-87fc-7a19fb0ee11e
299.99,176057,GTX 1050 TI GAMING X 4G,https://www.microcenter.com/product/471800/msi-gaming-x-geforce-gtx-1050-ti-overclocked-dual-fan-4gb-gddr5-pcie-video-card,9ac334b3-f98b-47fc-8e67-dd2d353b1351
64.99,963231,GT710-1GD3HLP,https://www.microcenter.com/product/460002/msi-geforce-gt-710-low-profile-passive-cooled-1gb-ddr3-pcie-20-graphics-card,ae5659e6-5924-4ab9-bc9b-ffbd48d43a81
69.99,963264,GT710 2GD3HLP,https://www.microcenter.com/product/460004/msi-geforce-gt-710-low-profile-passive-cooled-2gb-ddr3-pcie-30-graphics-card,4b9f15e5-9aed-4762-8222-57ca071a784a
279.99,935700,GTX1650 VENTUS,https://www.microcenter.com/product/606545/msi-geforce-gtx-1650-ventus-xs-overclocked-dual-fan-4gb-gddr5-pcie-30-graphics-card,a9bab72a-fb09-405c-8fec-42c8ac75e5e4
459.99,42028,GTX1660SUPERGAM,https://www.microcenter.com/product/616169/msi-geforce-gtx-1660-super-gaming-x-overclocked-dual-fan-pcie-30-graphics-card,34bb230c-5afe-4c01-935d-2b41ec8b024f
434.99,42036,GTX1660SUPERVEN,https://www.microcenter.com/product/616156/msi-geforce-gtx-1660-super-ventus-xs-overclocked-dual-fan-6gb-gddr6-pcie-30-graphics-card,dc374b58-a056-4a37-9b2e-2e9e95916809
389.99,897272,GTX1660TIGAMX6G,https://www.microcenter.com/product/603372/msi-geforce-gtx-1660-ti-gaming-x-overclocked-dual-fan-6gb-gddr6-pcie-30-graphics-card,9e1e2570-6ac7-46f7-8217-e0fa1b3b8785
459.99,897280,GTX1660TI VENTU,https://www.microcenter.com/product/603373/msi-geforce-gtx-1660-ti-ventus-xs-overclocked-dual-fan-6gb-gddr6-pcie-30-graphics-card,067c6a67-de01-491d-a68a-257e32515bab
799.99,193243,RTX3070GAMINGXT,https://www.microcenter.com/product/630201/msi-geforce-rtx-3070-gaming-x-trio-triple-fan-8gb-gddr6-pcie-40-graphics-card,e05ecefd-1cd4-4235-be7f-bc97c6de1998
729.99,193268,RTX3070VENTUS2X,https://www.microcenter.com/product/630203/msi-geforce-rtx-3070-ventus-2x-overclocked-dual-fan-8gb-gddr6-pcie-40-graphics-card,4d629223-ffc8-4d35-90e7-ba84f5f872cf
759.99,193326,RTX3070VENTUS3X,https://www.microcenter.com/product/630202/msi-geforce-rtx-3070-ventus-3x-overclocked-triple-fan-8gb-gddr6-pcie-40-graphics-card,58c857eb-a0a0-40d3-92bf-9f72b6f6b3fa
1099.99,172973,G3080V3X10C,https://www.microcenter.com/product/628331/msi-geforce-rtx-3080-ventus-3x-overclocked-triple-fan-10gb-gddr6x-pcie-40-graphics-card,55739e4c-512e-456a-b221-1ec7e18f587a
2269.99,173005,G3090GXT24,https://www.microcenter.com/product/628320/msi-geforce-rtx-3090-gaming-x-trio-triple-fan-24gb-gddr6x-pcie-40-graphics-card,452d2196-6dd2-4503-b4fd-bfa5c7a07e43
2369.99,207779,RTX3090SUPRIMX2,https://www.microcenter.com/product/631534/msi-geforce-rtx-3090-suprim-x-overclocked-triple-fan-24gb-gddr6x-pcie-40-graphics-card,d4fcfa42-4eab-468c-a06f-2f79d22373b7
2239.99,172999,G3090V3X24C,https://www.microcenter.com/product/628326/msi-geforce-rtx-3090-ventus-3x-overclocked-triple-fan-24gb-gddr6x-pcie-40-graphics-card,fb33da53-3f31-46b9-9bc8-b9515db72056
54.99,287391,N210-MD1G/D3,https://www.microcenter.com/product/638630/msi-nvidia-geforce-210-n210-md1g-d3-single-fan-1gb-ddr3-pcie-20-graphics-card,0cd9af7d-0b8a-4af6-8fc7-b983a42458e2
114.99,251686,GT 1030 2GD4 LP,https://www.microcenter.com/product/508643/msi-nvidia-geforce-gt-1030-2gd4-lp-overclocked-single-fan-2gb-gddr4-pcie-30-graphics-card,d004160f-f447-4055-ab32-0e5ae1a4b080
104.99,234872,GT10302GLPOC,https://www.microcenter.com/product/633833/msi-nvidia-geforce-gt-1030-lp-overclocked-single-fan-2gb-gddr5-pcie-30-graphics-card,a2732133-fc76-4846-803c-ad89d7088822
69.99,287227,GT 710 2GD3 LP,https://www.microcenter.com/product/638591/msi-nvidia-geforce-gt-710-2gd3-lp-single-fan-2gb-ddr3-pcie-20-graphics-card,479d644b-3074-4578-9e91-793785631528
109.99,289496,N730K-2GD3H/LPV,https://www.microcenter.com/product/638790/msi-nvidia-geforce-gt-730-n730k-2gd3h-lpv1-passive-cooled-2gb-ddr3-pcie-20-graphics-card,d80216d1-f40a-43d9-aa03-3ba80dd3b859
139.99,289488,N730K-4GD3/OCV1,https://www.microcenter.com/product/638789/msi-nvidia-geforce-gt-730-n730k-4gd3-ocv1-overclocked-single-fan-4gb-ddr3-pcie-20-graphics-card,141df57a-495c-42ef-af60-20eb008906d4
279.99,222364,OCGTX1050TI4GT,https://www.microcenter.com/product/632714/msi-nvidia-geforce-gtx-1050-ti-overclocked-dual-fan-4gb-gddr5-pcie-30-graphics-card,219d0424-0384-4f9d-8c3d-b1fbd2b874fd
539.99,234864,RTX3060GAMINGX1,https://www.microcenter.com/product/633838/msi-nvidia-geforce-rtx-3060-gaming-x-overclocked-dual-fan-12gb-gddr6-pcie-40-graphics-card,3cb44b35-5377-4344-b7cd-fc2fbcc13fc7
559.99,234807,RTX3060GAMINGXT,https://www.microcenter.com/product/633837/msi-nvidia-geforce-rtx-3060-gaming-x-trio-overclocked-triple-fan-12gb-gddr6-pcie-40-graphics-card,c345b527-145b-445a-a550-afcbab76273d
579.99,322289,RTX3060GAMINGZT,https://www.microcenter.com/product/641819/msi-nvidia-geforce-rtx-3060-gaming-z-trio-overclocked-triple-fan-12gb-gddr6-pcie-40-graphics-card,c4d0b73a-2d47-4530-9dfd-3597a1da18b0
649.99,303883,LHRRTX3060TIGAM,https://www.microcenter.com/product/639906/msi-nvidia-geforce-rtx-3060-ti-gaming-x-lhr-dual-fan-8gb-gddr6-pcie-40-graphics-card,03667498-5524-4721-bb1c-1c467c271f9f
679.99,313999,LHRRTX3060TIZTR,https://www.microcenter.com/product/640967/msi-nvidia-geforce-rtx-3060-ti-gaming-z-trio-lhr-triple-fan-8gb-gddr6-pcie-40-graphics-card,b6c4fc15-4730-4b0b-9194-f24b8d0fc563
629.99,297143,RTX3060TILHRVEN,https://www.microcenter.com/product/639398/msi-nvidia-geforce-rtx-3060-ti-ventus-2x-lhr-overclocked-dual-fan-8gb-gddr6-pcie-40-graphics-card,61e89ebc-79cc-4de2-b4bc-037fe81d3410
659.99,304592,LHRRTX3060TIVEN,https://www.microcenter.com/product/639955/msi-nvidia-geforce-rtx-3060-ti-ventus-3x-lhr-overclocked-triple-fan-8gb-gddr6-pcie-40-graphics-card,5a0429db-4d0a-4705-b8ef-2581e2f3865a
504.99,234849,RTX3060VENTUS2X,https://www.microcenter.com/product/633840/msi-nvidia-geforce-rtx-3060-ventus-2x-overclocked-dual-fan-12gb-gddr6-pcie-40-graphics-card,a1c7b51e-efb3-4a14-af8d-3c82e186f79e
519.99,234856,RTX3060VENTUS3X,https://www.microcenter.com/product/633839/msi-nvidia-geforce-rtx-3060-ventus-3x-overclocked-triple-fan-12gb-gddr6-pcie-40-graphics-card,3ad9bff0-3d4b-450e-980b-9990950fbdc4
809.99,301291,LHRRTX3070GAMIN,https://www.microcenter.com/product/639763/msi-nvidia-geforce-rtx-3070-gaming-z-trio-lhr-triple-fan-8gb-gddr6-pcie-40-graphics-card,6729f417-e194-4eb4-a9ae-231a5e84e071
839.99,310169,LHRRTX3070SUPRI,https://www.microcenter.com/product/640491/msi-nvidia-geforce-rtx-3070-suprim-x-lhr-triple-fan-8gb-gddr6-pcie-40-graphics-card,9921cc82-2feb-4f01-9b27-f8812b28b7b4
959.99,287011,RTX3070TI GAMIN,https://www.microcenter.com/product/638566/msi-nvidia-geforce-rtx-3070-ti-gaming-x-trio-triple-fan-8gb-gddr6x-pcie-40-graphics-card,912bd6d2-1ea6-4b86-a2cc-ff251730c362
909.99,287029,RTX3070TI VENTU,https://www.microcenter.com/product/638567/msi-nvidia-geforce-rtx-3070-ti-ventus-3x-overclocked-triple-fan-8gb-gddr6x-pcie-40-graphics-card,c2e10fbf-4ffa-437c-b9df-ec20df0f719d
729.99,311027,LHRRTX3070VENTU,https://www.microcenter.com/product/640492/msi-nvidia-geforce-rtx-3070-ventus-2x-lhr-overclocked-dual-fan-8gb-gddr6-pcie-40-graphics-card,c8fd117f-2a20-4c9d-a569-49df2145a5e8
1149.99,298505,RTX3080GAMZLHR,https://www.microcenter.com/product/639544/msi-nvidia-geforce-rtx-3080-gaming-z-trio-lhr-triple-fan-10gb-gddr6x-pcie-40-graphics-card,32bb0177-f842-4f14-87ef-cd6bd351d3d6
1729.99,283721,RTX3080TIVENTUS,https://www.microcenter.com/product/638328/msi-nvidia-geforce-rtx-3080-ti-ventus-3x-overclocked-triple-fan-12gb-gddr6x-pcie-40-graphics-card,5642fb25-f2f0-4d24-87ab-663c642f496f
1099.99,306407,LHRRTX3080VENTU,https://www.microcenter.com/product/640129/msi-nvidia-geforce-rtx-3080-ventus-lhr-overclocked-triple-fan-10gb-gddr6x-pcie-40-graphics-card,6e25a6bc-42cc-4abc-a0b5-4bc2ee4f6342
209.99,60996,RX5500XTMECH8GO,https://www.microcenter.com/product/617678/msi-radeon-rx-5500-xt-mech-overclocked-dual-fan-8gb-gddr6-pcie-40-graphics-card,8e3c1c2b-0b5a-47aa-b3d9-17a874ce7bf5
599.99,42135,RX5700XTGAMINGX,https://www.microcenter.com/product/616173/msi-radeon-rx-5700-xt-gaming-x-dual-fan-8gb-gddr6-pcie-40-graphics-card,496f3d90-a75c-478e-ba9f-b0e105eff162
299.99,191577,RRS-00001,https://www.microcenter.com/product/629789/microsoft-xbox-series-s-512gb-console,f6920bd1-e968-40d5-b3e1-0c3f9a18b747
499.99,191429,RRT-00001,https://www.microcenter.com/product/629788/microsoft-xbox-series-x-1tb-console,fa1711e7-d840-4f12-b066-b2b2113e3a92
349.99,181941,VCQP1000V2-PB,https://www.microcenter.com/product/628463/pny-quadro-p1000-v2-single-fan-4gb-gddr5-pcie-30-graphics-card,a3bd702a-4f72-429c-b7bc-3f4bfb8a5922
459.99,182022,VCQP2200-SB,https://www.microcenter.com/product/628464/pny-quadro-p2200-single-fan-5gb-gddr5x-pcie-30-graphics-card,d3b09307-80b8-4b3c-afba-a23d5f5df2bd
169.99,181966,VCQP400V2-PB,https://www.microcenter.com/product/628459/pny-quadro-p400-v2-single-fan-2gb-gddr5-pcie-30-graphics-card,ba2dee70-36d2-49d2-b71a-2ac95f9a9d5e
199.99,181974,VCQP620V2-PB,https://www.microcenter.com/product/628460/pny-quadro-p620-v2-single-fan-2gb-gddr5-pcie-30-graphics-card,8bac98b7-f873-4789-b1cd-3a8898498894
1049.99,181990,VCQRTX4000-PB,https://www.microcenter.com/product/613412/pny-quadro-rtx-4000-single-fan-8gb-gddr6-pcie-30-graphics-card,f1b531e2-3967-4ea6-abf2-c1674e4a39a1
2499.99,181933,VCQRTX5000-PB,https://www.microcenter.com/product/628540/pny-quadro-rtx-5000-single-fan-16gb-gddr6-pcie-30-graphics-card,54da7310-891b-4b80-b8ec-cafad3a08006
1449.99,228130,OC/AXRX6800XT16,https://www.microcenter.com/product/633196/powercolor-amd-radeon-6800-xt-red-devil-overclocked-triple-fan-16gb-gddr6-pcie-40-graphics-card,9be8163b-9ccb-42d9-9e3e-ce6ae359927d
399.99,309443,AXRX6600XT8GBD6,https://www.microcenter.com/product/640366/powercolor-amd-radeon-rx-6600-xt-fighter-dual-fan-8gb-gddr6-pcie-40-graphics-card,985f06ed-a29e-4183-8ee2-a582e5219a48
479.99,306472,AXRX 6600XT 8GB,https://www.microcenter.com/product/640090/powercolor-amd-radeon-rx-6600-xt-hellhound-overclocked-dual-fan-8gb-gddr6-pcie-40-graphics-card,86d68bd9-3d8d-4649-8c4d-6ab5a56763f7
499.99,309641,OCAXRX6600XT8GB,https://www.microcenter.com/product/640365/powercolor-amd-radeon-rx-6600-xt-red-devil-dual-fan-8gb-gddr6-pcie-40-graphics-card,71d33d0f-0b5a-4c93-8a12-7c49d243962d
799.99,247940,FTAXRX6700XT12G,https://www.microcenter.com/product/635137/powercolor-amd-radeon-rx-6700-xt-fighter-dual-fan-12gb-gddr6-pcie-40-graphics-card,413f139d-317a-4268-ae5b-6df845d9c369
989.99,280016,AXRX 6700XT 12G,https://www.microcenter.com/product/637524/powercolor-amd-radeon-rx-6700-xt-hellhound-spectral-white-triple-fan-12gb-gddr6-pcie-40-graphics-card,f7af4498-0e79-491d-b14a-d2a09657a2c3
829.99,247932,HHAXRX6700XT12G,https://www.microcenter.com/product/635136/powercolor-amd-radeon-rx-6700-xt-hellhound-triple-fan-12gb-gddr6-pcie-40-graphics-card,0e74908a-2764-4e98-8eec-f7de39a86685
879.99,247882,AXRX6700XT12GBD,https://www.microcenter.com/product/635134/powercolor-amd-radeon-rx-6700-xt-red-devil-triple-fan-12gb-gddr6-pcie-40-graphics-card,664e0e0a-85b7-4d44-9969-63b7e241e439
989.99,217729,RX680016GBD63DH,https://www.microcenter.com/product/632323/powercolor-amd-radeon-rx-6800-fighter-overclocked-triple-fan-16gb-gddr6-pcie-40-graphics-card,271b5b93-68bb-4f2d-9104-4f5b7336e31a
1169.99,217679,AXRX680016GBD63,https://www.microcenter.com/product/632322/powercolor-amd-radeon-rx-6800-red-dragon-overclocked-triple-fan-16gb-gddr6-pcie-40-graphics-card,55e037d3-a97b-4c08-af59-b87e9fb853e3
1659.99,239202,LD/AXRX6800XT16,https://www.microcenter.com/product/634083/powercolor-amd-radeon-rx-6800-xt-liquid-devil-16gb-gddr6-pcie-40-graphics-card,9c2d9d33-a97e-4572-bc13-0520c51af666
2199.0,239616,AXRX_6900XT_16G,https://www.microcenter.com/product/634084/powercolor-amd-radeon-rx-6900-xt-liquid-devil-overclocked-liquid-cooled-16gb-gddr6-pcie-40-graphics-card,3176fa34-4085-466e-b292-414bc442104b
2299.99,264366,LDAXRX6900XTU16,https://www.microcenter.com/product/636418/powercolor-amd-radeon-rx-6900-xt-liquid-devil-ultimate-overclocked-liquid-cooled-16gb-gddr6-pcie-40-graphics-card,b5085745-3df3-493a-965c-0a4e0b3bcb2e
1699.99,221085,OCRX6900XT16GBD,https://www.microcenter.com/product/632635/powercolor-amd-radeon-rx-6900-xt-red-devil-overclocked-triple-fan-16gb-gddr6-pcie-40-graphics-card,af4952b6-34f9-4917-b149-ddc0978d6230
1799.99,264374,AXRX6900XTU16GB,https://www.microcenter.com/product/636419/powercolor-amd-radeon-rx-6900-xt-ultimate-red-devil-overclocked-triple-fan-16gb-gddr6-pcie-40-graphics-card,c3cb8d3d-fded-4d1d-85a4-9ddf20730af9
519.99,308320,11309-01-20G,https://www.microcenter.com/product/640253/sapphire-technology-amd-radeon-rx-6600-xt-nitro-plus-overclocked-dual-fan-8gb-gddr6-pcie-40-graphics-card,c4b94cb9-4196-44f9-abe3-afcfde47dfdf
499.99,308338,11309-03-20G,https://www.microcenter.com/product/640254/sapphire-technology-amd-radeon-rx-6600-xt-pulse-overclocked-dual-fan-8gb-gddr6-pcie-40-graphics-card,4ff90039-47d7-4b50-8ba0-02166e7918e2
949.99,309781,11306-01-20T,https://www.microcenter.com/product/640615/sapphire-technology-amd-radeon-rx-6700-xt-nitro-plus-overclocked-triple-fan-12gb-gddr6-pcie-40-graphics-card-(refurbished),8c6bcb37-eedc-475e-85ac-53a0b522d0c1
899.99,250050,11306-01-20G,https://www.microcenter.com/product/635274/sapphire-technology-amd-radeon-rx-6700-xt-nitro-plus-triple-fan-12gb-gddr6-pcie-40-graphics-card,774e3c49-3c45-49ff-a6c5-b7795464a71c
949.99,309765,11306-01-20G,https://www.microcenter.com/product/640613/sapphire-technology-amd-radeon-rx-6700-xt-nitro-plus-triple-fan-12gb-gddr6-pcie-40-graphics-card-(refurbished),f56c1e85-449e-4689-bf72-9094ab062254
799.99,320739,11306-05-20G,https://www.microcenter.com/product/641620/sapphire-technology-amd-radeon-rx-6700-xt-pulse-overclocked-dual-fan-12gb-gddr6-pcie-40-graphics-card,fe9514d6-2481-4b48-a900-f4990b59f651
1579.99,220053,11308-01-20G,https://www.microcenter.com/product/632471/sapphire-technology-amd-radeon-rx-6900-xt-nitro-overclocked-triple-fan-16gb-gddr6-pcie-40-graphics-card,989b8061-cc81-4769-a683-e69720fd63bb
1629.99,268482,11308-03-20G,https://www.microcenter.com/product/636686/sapphire-technology-amd-radeon-rx-6900-xt-nitro-plus-overclocked-triple-fan-16gb-gddr6-pcie-40-graphics-card,b4592e8b-bc66-4bd1-a9e2-8bd07c90df32
2049.99,324061,11308-06-20G,https://www.microcenter.com/product/641921/sapphire-technology-amd-radeon-rx-6900-xt-toxic-gaming-limited-edition-overclocked-hybrid-cooled-16gb-gddr6-pcie-40-graphics-card,85cb649c-ffc0-4fb1-98b7-03afa3d86c1e
2099.99,269720,11308-08-20G,https://www.microcenter.com/product/636989/sapphire-technology-amd-radeon-rx-6900-xt-toxic-overclocked-hybrid-cooled-16gb-gddr6-pcie-40-graphics-card,2f849379-87e4-4b03-ad47-089edea3a918
469.99,998559,11293-03-40G,https://www.microcenter.com/product/612178/sapphire-technology-radeon-rx-5700-xt-nitro-overclocked-triple-fan-8gb-gddr6-pcie-40-graphics-card,9a8d89e5-3746-4c90-8080-5d45ac823cb3
429.99,978486,11293-01-20G,https://www.microcenter.com/product/610552/sapphire-technology-radeon-rx-5700-xt-pulse-overclocked-dual-fan-8gb-gddr6-pcie-40-graphics-card,741f1b32-a318-4ef8-b911-588e693c7b1d
49.99,10207,900860,https://www.microcenter.com/product/462020/visiontek-radeon-hd-5450-low-profile-passive-cooled-1gb-ddr3-pcie-21-graphics-card,c8f7dfb7-c2d8-4193-82c3-432b19f60930
59.99,10223,900861,https://www.microcenter.com/product/462019/visiontek-radeon-hd-5450-low-profile-passive-cooled-2gb-ddr3-pcie-21-graphics-card,ef097238-c70c-4573-b138-9e6dee7a1179
219.99,10124,900614,https://www.microcenter.com/product/462021/visiontek-radeon-hd-7750-low-profile-single-fan-2gb-gddr5-pcie-30-graphics-card,5b042f44-6959-4e9f-854b-40d8642be6a2
179.99,60939,901278,https://www.microcenter.com/product/617547/visiontek-radeon-rx-560-single-fan-4gb-gddr5-pcie-30-graphics-card,1ddf6069-e0c9-45c7-98f8-35105f260691
179.99,10199,900798,https://www.microcenter.com/product/462023/visiontek-sff-radeon-7750-single-fan-2gb-gddr5-pcie-30-graphics-card,a511729d-3df9-4ac8-abb4-5a95817cd690
479.99,324103,ZT-T16600K-10M,https://www.microcenter.com/product/641956/zotac-nvidia-geforce-gtx-1660-twin-fan-dual-fan-6gb-gddr5-pcie-30-graphics-card,70daa65a-b450-4c3d-a23f-e820c8ed3601
1949.99,286245,ZT-A30810F-10P,https://www.microcenter.com/product/638427/zotac-nvidia-geforce-rtx-3080-ti-amp-holo-triple-fan-12gb-gddr6x-pcie-40-graphics-card,a262bde6-0c27-440a-8425-c3fc9b888bd1
