Name,Price,Link
GeForce RTX 3090 Ventus 3X Overclocked Triple-Fan 24GB GDDR6X PCIe 4.0 Graphics Card,"2,239.99",https://www.microcenter.com/product/628326/msi-geforce-rtx-3090-ventus-3x-overclocked-triple-fan-24gb-gddr6x-pcie-40-graphics-card
GeForce RTX 3090 Gaming X Trio Triple-Fan 24GB GDDR6X PCIe 4.0 Graphics Card,"2,269.99",https://www.microcenter.com/product/628320/msi-geforce-rtx-3090-gaming-x-trio-triple-fan-24gb-gddr6x-pcie-40-graphics-card
NVIDIA GeForce RTX 3090 ROG Strix White Overclocked Triple-Fan 24GB GDDR6X PCIe 4.0 Graphics Card,"2,349.99",https://www.microcenter.com/product/631999/asus-nvidia-geforce-rtx-3090-rog-strix-white-overclocked-triple-fan-24gb-gddr6x-pcie-40-graphics-card
GeForce RTX 3090 TUF Gaming Overclocked Triple-Fan 24GB GDDR6X PCIe 4.0 Graphics Card,"2,129.99",https://www.microcenter.com/product/628321/asus-geforce-rtx-3090-tuf-gaming-overclocked-triple-fan-24gb-gddr6x-pcie-40-graphics-card
NVIDIA GeForce RTX 3080 Ti TUF Overclocked Triple-Fan 12GB GDDR6X PCIe 4.0 Graphics Card,"1,899.99",https://www.microcenter.com/product/637879/asus-nvidia-geforce-rtx-3080-ti-tuf-overclocked-triple-fan-12gb-gddr6x-pcie-40-graphics-card
NVIDIA GeForce RTX 3060 Ti Gaming X LHR Dual-Fan 8GB GDDR6 PCIe 4.0 Graphics Card,649.99,https://www.microcenter.com/product/639906/msi-nvidia-geforce-rtx-3060-ti-gaming-x-lhr-dual-fan-8gb-gddr6-pcie-40-graphics-card
NVIDIA GeForce RTX 3080 Ti Ventus 3X Overclocked Triple-Fan 12GB GDDR6X PCIe 4.0 Graphics Card,"1,729.99",https://www.microcenter.com/product/638328/msi-nvidia-geforce-rtx-3080-ti-ventus-3x-overclocked-triple-fan-12gb-gddr6x-pcie-40-graphics-card
NVIDIA GeForce RTX 3080 Ti AMP Holo Triple-Fan 12GB GDDR6X PCIe 4.0 Graphics Card,"1,949.99",https://www.microcenter.com/product/638427/zotac-nvidia-geforce-rtx-3080-ti-amp-holo-triple-fan-12gb-gddr6x-pcie-40-graphics-card
NVIDIA GeForce RTX 3060 Ti ROG Strix LHR Overclocked Triple-Fan 8GB GDDR6 PCIe 4.0 Graphics Card,649.99,https://www.microcenter.com/product/640595/asus-nvidia-geforce-rtx-3060-ti-rog-strix-lhr-overclocked-triple-fan-8gb-gddr6-pcie-40-graphics-card
NVIDIA GeForce RTX 3070 Ti Gaming X Trio Triple-Fan 8GB GDDR6X PCIe 4.0 Graphics Card,959.99,https://www.microcenter.com/product/638566/msi-nvidia-geforce-rtx-3070-ti-gaming-x-trio-triple-fan-8gb-gddr6x-pcie-40-graphics-card
NVIDIA GeForce RTX 3080 ROG Strix V2 LHR Gaming Overclocked Triple-Fan 10GB GDDR6X PCIe 4.0 Graphics Card,"1,099.99",https://www.microcenter.com/product/640224/asus-nvidia-geforce-rtx-3080-rog-strix-v2-lhr-gaming-overclocked-triple-fan-10gb-gddr6x-pcie-40-graphics-card
NVIDIA GeForce RTX 3070 ROG Strix V2 Overclocked Triple-Fan 8GB GDDR6 PCIe 4.0 Graphics Card,779.99,https://www.microcenter.com/product/639241/asus-nvidia-geforce-rtx-3070-rog-strix-v2-overclocked-triple-fan-8gb-gddr6-pcie-40-graphics-card
NVIDIA GeForce RTX 3060 Ti V2 Mini LHR Overclocked Dual-Fan 8GB GDDR6 PCIe 4.0 Graphics Card,499.99,https://www.microcenter.com/product/641433/asus-nvidia-geforce-rtx-3060-ti-v2-mini-lhr-overclocked-dual-fan-8gb-gddr6-pcie-40-graphics-card
AMD Radeon RX 6700 XT Pulse Overclocked Dual-Fan 12GB GDDR6 PCIe 4.0 Graphics Card,799.99,https://www.microcenter.com/product/641620/sapphire-technology-amd-radeon-rx-6700-xt-pulse-overclocked-dual-fan-12gb-gddr6-pcie-40-graphics-card
NVIDIA GeForce RTX 3080 Ti Gaming Overclocked Triple-Fan 12GB GDDR6 PCIe 4.0 Graphics Card,"1,479.99",https://www.microcenter.com/product/638405/gigabyte-nvidia-geforce-rtx-3080-ti-gaming-overclocked-triple-fan-12gb-gddr6-pcie-40-graphics-card
NVIDIA GeForce RTX 3060 Dual V2 Overclocked Dual-Fan 12GB GDDR6 PCIe 4.0 Graphics Card,469.99,https://www.microcenter.com/product/639235/asus-nvidia-geforce-rtx-3060-dual-v2-overclocked-dual-fan-12gb-gddr6-pcie-40-graphics-card
AMD Radeon RX 6700 XT Red Devil Triple-Fan 12GB GDDR6 PCIe 4.0 Graphics Card,879.99,https://www.microcenter.com/product/635134/powercolor-amd-radeon-rx-6700-xt-red-devil-triple-fan-12gb-gddr6-pcie-40-graphics-card
NVIDIA GeForce RTX 3070 Ti ROG Strix Overclocked Triple-Fan 8GB GDDR6X PCIe 4.0 Graphics Card,999.99,https://www.microcenter.com/product/638233/asus-nvidia-geforce-rtx-3070-ti-rog-strix-overclocked-triple-fan-8gb-gddr6x-pcie-40-graphics-card
NVIDIA GeForce RTX 3080 ROG Strix V2 LHR Gaming White Overclocked Triple-Fan 10GB GDDR6X PCIe 4.0 Graphics Card,"1,159.99",https://www.microcenter.com/product/640225/asus-nvidia-geforce-rtx-3080-rog-strix-v2-lhr-gaming-white-overclocked-triple-fan-10gb-gddr6x-pcie-40-graphics-card
NVIDIA GeForce RTX 3060 Ti KO LHR Overclocked Dual-Fan 8GB GDDR6 PCIe 4.0 Graphics Card,589.99,https://www.microcenter.com/product/640596/asus-nvidia-geforce-rtx-3060-ti-ko-lhr-overclocked-dual-fan-8gb-gddr6-pcie-40-graphics-card
NVIDIA GeForce GTX 1660 Twin Fan Dual-Fan 6GB GDDR5 PCIe 3.0 Graphics Card,469.99,https://www.microcenter.com/product/641956/zotac-nvidia-geforce-gtx-1660-twin-fan-dual-fan-6gb-gddr5-pcie-30-graphics-card
NVIDIA GeForce RTX 3060 ROG Strix V2 Overclocked Triple-Fan 12GB GDDR6 PCIe 4.0 Graphics Card,529.99,https://www.microcenter.com/product/639240/asus-nvidia-geforce-rtx-3060-rog-strix-v2-overclocked-triple-fan-12gb-gddr6-pcie-40-graphics-card
NVIDIA GeForce RTX 3060 TUF Gaming V2 Overclocked Triple-Fan 12GB GDDR6 PCIe 4.0 Graphics Card,509.99,https://www.microcenter.com/product/639242/asus-nvidia-geforce-rtx-3060-tuf-gaming-v2-overclocked-triple-fan-12gb-gddr6-pcie-40-graphics-card
GeForce RTX 3090 FTW3 Ultra Triple-Fan 24GB GDDR6X PCIe 4.0 Graphics Card,"1,909.99",https://www.microcenter.com/product/628738/evga-geforce-rtx-3090-ftw3-ultra-triple-fan-24gb-gddr6x-pcie-40-graphics-card
NVIDIA GeForce RTX 3060 Ti FTW3 Ultra Gaming LHR Triple-Fan 8GB GDDR6 PCIe 4.0 Graphics Card,529.99,https://www.microcenter.com/product/639407/evga-nvidia-geforce-rtx-3060-ti-ftw3-ultra-gaming-lhr-triple-fan-8gb-gddr6-pcie-40-graphics-card
NVIDIA GeForce RTX 3070 Ti Gaming Overclocked Triple-Fan 8GB GDDR6X PCIe 4.0 Graphics Card,849.99,https://www.microcenter.com/product/638605/gigabyte-nvidia-geforce-rtx-3070-ti-gaming-overclocked-triple-fan-8gb-gddr6x-pcie-40-graphics-card
AMD Radeon RX 6600 XT Dual Overclocked Dual-Fan 8GB GDDR6 PCIe 4.0 Graphics Card,499.99,https://www.microcenter.com/product/640335/asus-amd-radeon-rx-6600-xt-dual-overclocked-dual-fan-8gb-gddr6-pcie-40-graphics-card
NVIDIA GeForce RTX 3060 Ti Gaming Pro LHC Overclocked Triple-Fan 8GB GDDR6 PCIe 4.0 Graphics Card,569.99,https://www.microcenter.com/product/639484/gigabyte-nvidia-geforce-rtx-3060-ti-gaming-pro-lhc-overclocked-triple-fan-8gb-gddr6-pcie-40-graphics-card
NVIDIA GeForce RTX 3080 Xtreme Overclocked Triple-Fan 10GB GDDR6X PCIe 4.0 Graphics Card,"1,129.99",https://www.microcenter.com/product/639675/gigabyte-nvidia-geforce-rtx-3080-xtreme-overclocked-triple-fan-10gb-gddr6x-pcie-40-graphics-card
NVIDIA GeForce RTX 3080 Ti FTW3 Ultra Gaming Triple-Fan 12GB GDDR6X PCIe 4.0 Graphics Card,"1,419.99",https://www.microcenter.com/product/638317/evga-nvidia-geforce-rtx-3080-ti-ftw3-ultra-gaming-triple-fan-12gb-gddr6x-pcie-40-graphics-card
GeForce RTX 3090 Strix Overclocked Triple-Fan 24GB GDDR6X PCIe 4.0 Graphics Card,"2,229.99",https://www.microcenter.com/product/628685/asus-geforce-rtx-3090-strix-overclocked-triple-fan-24gb-gddr6x-pcie-40-graphics-card
AMD Radeon RX 6600 XT Gaming Pro Overclocked Triple-Fan 8GB GDDR6 PCIe 4.0 Graphics Card,499.99,https://www.microcenter.com/product/640594/gigabyte-amd-radeon-rx-6600-xt-gaming-pro-overclocked-triple-fan-8gb-gddr6-pcie-40-graphics-card
NVIDIA GeForce RTX 3090 VISION Overclocked Triple-Fan 24GB GDDR6X PCIe 4.0 Graphics Card,"2,149.99",https://www.microcenter.com/product/631756/gigabyte-nvidia-geforce-rtx-3090-vision-overclocked-triple-fan-24gb-gddr6x-pcie-40-graphics-card
GAMING X GeForce GTX 1050 Ti Overclocked Dual-Fan 4GB GDDR5 PCIe Video Card,299.99,https://www.microcenter.com/product/471800/msi-gaming-x-geforce-gtx-1050-ti-overclocked-dual-fan-4gb-gddr5-pcie-video-card
AMD Radeon RX 6900 XT Red Devil Overclocked Triple-Fan 16GB GDDR6 PCIe 4.0 Graphics Card,"1,699.99",https://www.microcenter.com/product/632635/powercolor-amd-radeon-rx-6900-xt-red-devil-overclocked-triple-fan-16gb-gddr6-pcie-40-graphics-card
NVIDIA GeForce GTX 1050 Ti Overclocked Dual-Fan 4GB GDDR5 PCIe 3.0 Graphics Card,279.99,https://www.microcenter.com/product/632714/msi-nvidia-geforce-gtx-1050-ti-overclocked-dual-fan-4gb-gddr5-pcie-30-graphics-card
AMD Radeon RX 6900 XT Nitro Overclocked Triple-Fan 16GB GDDR6 PCIe 4.0 Graphics Card,"1,579.99",https://www.microcenter.com/product/632471/sapphire-technology-amd-radeon-rx-6900-xt-nitro-overclocked-triple-fan-16gb-gddr6-pcie-40-graphics-card
NVIDIA GeForce RTX 3070 Dual LHR Overclocked Dual-Fan 8GB GDDR6 PCIe 4.0 Graphics Card,679.99,https://www.microcenter.com/product/640597/asus-nvidia-geforce-rtx-3070-dual-lhr-overclocked-dual-fan-8gb-gddr6-pcie-40-graphics-card
GeForce RTX 3090 SUPRIM X Overclocked Triple-Fan 24GB GDDR6X PCIe 4.0 Graphics Card,"2,369.99",https://www.microcenter.com/product/631534/msi-geforce-rtx-3090-suprim-x-overclocked-triple-fan-24gb-gddr6x-pcie-40-graphics-card
NVIDIA GeForce RTX 3060 AORUS Elite Rev 2 Overclocked Triple-Fan 12GB GDDR6 PCIe 4.0 Graphics Card,499.99,https://www.microcenter.com/product/638652/gigabyte-nvidia-geforce-rtx-3060-aorus-elite-rev-2-overclocked-triple-fan-12gb-gddr6-pcie-40-graphics-card
AMD Radeon RX 6700 XT Challenger D Overclocked Dual-Fan 12GB GDDR6 PCIe 4.0 Graphics Card,849.99,https://www.microcenter.com/product/639278/asrock-amd-radeon-rx-6700-xt-challenger-d-overclocked-dual-fan-12gb-gddr6-pcie-40-graphics-card
NVIDIA GeForce RTX 3070 TUF Gaming V2 Overclocked Triple-Fan 8GB GDDR6 PCIe 4.0 Graphics Card,749.99,https://www.microcenter.com/product/639244/asus-nvidia-geforce-rtx-3070-tuf-gaming-v2-overclocked-triple-fan-8gb-gddr6-pcie-40-graphics-card
GeForce RTX 3090 Gaming Overclocked Triple-Fan 24GB GDDR6X PCIe 4.0 Graphics Card,"2,129.99",https://www.microcenter.com/product/628413/gigabyte-geforce-rtx-3090-gaming-overclocked-triple-fan-24gb-gddr6x-pcie-40-graphics-card
AMD Radeon 6800 XT Red Devil Overclocked Triple-Fan 16GB GDDR6 PCIe 4.0 Graphics Card,"1,449.99",https://www.microcenter.com/product/633196/powercolor-amd-radeon-6800-xt-red-devil-overclocked-triple-fan-16gb-gddr6-pcie-40-graphics-card
NVIDIA GeForce RTX 3060 Ti Aorus Elite LHR Overclocked Triple-Fan 8GB GDDR6 PCIe 4.0 Graphics Card,599.99,https://www.microcenter.com/product/640396/gigabyte-nvidia-geforce-rtx-3060-ti-aorus-elite-lhr-overclocked-triple-fan-8gb-gddr6-pcie-40-graphics-card
NVIDIA GeForce RTX 3070 Ti FTW3 Ultra Gaming Triple-Fan 8GB GDDR6X PCIe 4.0 Graphics Card,819.99,https://www.microcenter.com/product/638611/evga-nvidia-geforce-rtx-3070-ti-ftw3-ultra-gaming-triple-fan-8gb-gddr6x-pcie-40-graphics-card
Quadro P2200 Single-Fan 5GB GDDR5X PCIe 3.0 Graphics Card,459.99,https://www.microcenter.com/product/628464/pny-quadro-p2200-single-fan-5gb-gddr5x-pcie-30-graphics-card
NVIDIA GeForce RTX 3070 KO V2 LHR Overclocked Dual-Fan 8GB GDDR6 PCIe 4.0 Graphics Card,729.99,https://www.microcenter.com/product/640222/asus-nvidia-geforce-rtx-3070-ko-v2-lhr-overclocked-dual-fan-8gb-gddr6-pcie-40-graphics-card
NVIDIA GeForce RTX 3080 Ventus LHR Overclocked Triple-Fan 10GB GDDR6X PCIe 4.0 Graphics Card,"1,099.99",https://www.microcenter.com/product/640129/msi-nvidia-geforce-rtx-3080-ventus-lhr-overclocked-triple-fan-10gb-gddr6x-pcie-40-graphics-card
Quadro RTX 4000 Single-Fan 8GB GDDR6 PCIe 3.0 Graphics Card,"1,049.99",https://www.microcenter.com/product/613412/pny-quadro-rtx-4000-single-fan-8gb-gddr6-pcie-30-graphics-card
NVIDIA GeForce RTX 3060 Ti TUF Gaming V2 Overclocked Triple-Fan 8GB GDDR6 PCIe 4.0 Graphics Card,609.99,https://www.microcenter.com/product/639243/asus-nvidia-geforce-rtx-3060-ti-tuf-gaming-v2-overclocked-triple-fan-8gb-gddr6-pcie-40-graphics-card
AMD Radeon RX 6900 XT Nitro Plus Overclocked Triple-Fan 16GB GDDR6 PCIe 4.0 Graphics Card,"1,629.99",https://www.microcenter.com/product/636686/sapphire-technology-amd-radeon-rx-6900-xt-nitro-plus-overclocked-triple-fan-16gb-gddr6-pcie-40-graphics-card
AMD Radeon RX 6600 XT Eagle Overclocked Triple-Fan 8GB GDDR6 PCIe 4.0 Graphics Card,439.99,https://www.microcenter.com/product/640801/gigabyte-amd-radeon-rx-6600-xt-eagle-overclocked-triple-fan-8gb-gddr6-pcie-40-graphics-card
NVIDIA GeForce RTX 3070 FTW3 Ultra Gaming Triple-Fan 8GB GDDR6 PCIe 4.0 Graphics Card,709.99,https://www.microcenter.com/product/638988/evga-nvidia-geforce-rtx-3070-ftw3-ultra-gaming-triple-fan-8gb-gddr6-pcie-40-graphics-card
NVIDIA GeForce RTX 3060 Ti VENTUS 2X LHR Overclocked Dual-Fan 8GB GDDR6 PCIe 4.0 Graphics Card,629.99,https://www.microcenter.com/product/639398/msi-nvidia-geforce-rtx-3060-ti-ventus-2x-lhr-overclocked-dual-fan-8gb-gddr6-pcie-40-graphics-card
Radeon RX 6800 XT TUF Gaming Overclocked Triple-Fan 16GB GDDR6 PCIe 4.0 Graphics Card,"1,199.99",https://www.microcenter.com/product/631693/asus-radeon-rx-6800-xt-tuf-gaming-overclocked-triple-fan-16gb-gddr6-pcie-40-graphics-card
AMD Radeon RX 6700 XT Gaming Overclocked Triple-Fan 12GB GDDR6 PCIe 4.0 Graphics Card,959.99,https://www.microcenter.com/product/635349/gigabyte-amd-radeon-rx-6700-xt-gaming-overclocked-triple-fan-12gb-gddr6-pcie-40-graphics-card
AMD Radeon RX 6600 XT Gaming Overclocked Triple-Fan 8GB GDDR6 PCIe 4.0 Graphics Card,469.99,https://www.microcenter.com/product/640593/gigabyte-amd-radeon-rx-6600-xt-gaming-overclocked-triple-fan-8gb-gddr6-pcie-40-graphics-card
AMD Radeon RX 6600 XT Red Devil Dual-Fan 8GB GDDR6 PCIe 4.0 Graphics Card,499.99,https://www.microcenter.com/product/640365/powercolor-amd-radeon-rx-6600-xt-red-devil-dual-fan-8gb-gddr6-pcie-40-graphics-card
NVIDIA GeForce RTX 3060 Gaming Z Trio Overclocked Triple-Fan 12GB GDDR6 PCIe 4.0 Graphics Card,579.99,https://www.microcenter.com/product/641819/msi-nvidia-geforce-rtx-3060-gaming-z-trio-overclocked-triple-fan-12gb-gddr6-pcie-40-graphics-card
AMD Radeon RX 6900 XT Ultimate Red Devil Overclocked Triple-Fan 16GB GDDR6 PCIe 4.0 Graphics Card,"1,799.99",https://www.microcenter.com/product/636419/powercolor-amd-radeon-rx-6900-xt-ultimate-red-devil-overclocked-triple-fan-16gb-gddr6-pcie-40-graphics-card
NVIDIA GeForce RTX 3080 Ti AORUS Master Overclocked Triple-Fan 12GB GDDR6X PCIe 4.0 Graphics Card,"1,599.99",https://www.microcenter.com/product/639527/gigabyte-nvidia-geforce-rtx-3080-ti-aorus-master-overclocked-triple-fan-12gb-gddr6x-pcie-40-graphics-card
Quadro RTX 5000 Single-Fan 16GB GDDR6 PCIe 3.0 Graphics Card,"2,499.99",https://www.microcenter.com/product/628540/pny-quadro-rtx-5000-single-fan-16gb-gddr6-pcie-30-graphics-card
NVIDIA GeForce RTX 3080 Ti ROG Strix Overclocked Triple-Fan 12GB GDDR6X PCIe 4.0 Graphics Card,"1,999.99",https://www.microcenter.com/product/637877/asus-nvidia-geforce-rtx-3080-ti-rog-strix-overclocked-triple-fan-12gb-gddr6x-pcie-40-graphics-card
NVIDIA GeForce RTX 3080 Gaming Z Trio LHR Triple-Fan 10GB GDDR6X PCIe 4.0 Graphics Card,"1,149.99",https://www.microcenter.com/product/639544/msi-nvidia-geforce-rtx-3080-gaming-z-trio-lhr-triple-fan-10gb-gddr6x-pcie-40-graphics-card
Quadro P1000 V2 Single-Fan 4GB GDDR5 PCIe 3.0 Graphics Card,349.99,https://www.microcenter.com/product/628463/pny-quadro-p1000-v2-single-fan-4gb-gddr5-pcie-30-graphics-card
NVIDIA GeForce RTX 3060 Ventus 3X Overclocked Triple-Fan 12GB GDDR6 PCIe 4.0 Graphics Card,519.99,https://www.microcenter.com/product/633839/msi-nvidia-geforce-rtx-3060-ventus-3x-overclocked-triple-fan-12gb-gddr6-pcie-40-graphics-card
AMD Radeon RX 6900 XT Liquid Devil Ultimate Overclocked Liquid Cooled 16GB GDDR6 PCIe 4.0 Graphics Card,"2,299.99",https://www.microcenter.com/product/636418/powercolor-amd-radeon-rx-6900-xt-liquid-devil-ultimate-overclocked-liquid-cooled-16gb-gddr6-pcie-40-graphics-card
NVIDIA GeForce RTX 3070 Gaming Z Trio LHR Triple-Fan 8GB GDDR6 PCIe 4.0 Graphics Card,809.99,https://www.microcenter.com/product/639763/msi-nvidia-geforce-rtx-3070-gaming-z-trio-lhr-triple-fan-8gb-gddr6-pcie-40-graphics-card
Quadro P400 V2 Single-Fan 2GB GDDR5 PCIe 3.0 Graphics Card,169.99,https://www.microcenter.com/product/628459/pny-quadro-p400-v2-single-fan-2gb-gddr5-pcie-30-graphics-card
GeForce GTX 1650 Ventus XS Overclocked Dual-Fan 4GB GDDR5 PCIe 3.0 Graphics Card,279.99,https://www.microcenter.com/product/606545/msi-geforce-gtx-1650-ventus-xs-overclocked-dual-fan-4gb-gddr5-pcie-30-graphics-card
NVIDIA GeForce RTX 3060 Gaming Rev 2 Overclocked Triple-Fan 12GB GDDR6 PCIe 4.0 Graphics Card,459.99,https://www.microcenter.com/product/638651/gigabyte-nvidia-geforce-rtx-3060-gaming-rev-2-overclocked-triple-fan-12gb-gddr6-pcie-40-graphics-card
NVIDIA GeForce RTX 3060 Ti Ventus 3X LHR Overclocked Triple-Fan 8GB GDDR6 PCIe 4.0 Graphics Card,659.99,https://www.microcenter.com/product/639955/msi-nvidia-geforce-rtx-3060-ti-ventus-3x-lhr-overclocked-triple-fan-8gb-gddr6-pcie-40-graphics-card
NVIDIA GeForce RTX 3060 Gaming X Overclocked Dual-Fan 12GB GDDR6 PCIe 4.0 Graphics Card,539.99,https://www.microcenter.com/product/633838/msi-nvidia-geforce-rtx-3060-gaming-x-overclocked-dual-fan-12gb-gddr6-pcie-40-graphics-card
Quadro P620 V2 Single-Fan 2GB GDDR5 PCIe 3.0 Graphics Card,199.99,https://www.microcenter.com/product/628460/pny-quadro-p620-v2-single-fan-2gb-gddr5-pcie-30-graphics-card
AMD Radeon RX 6700 XT TUF Overclocked Triple-Fan 12GB GDDR6 PCIe 4.0 Graphics Card,899.99,https://www.microcenter.com/product/635168/asus-amd-radeon-rx-6700-xt-tuf-overclocked-triple-fan-12gb-gddr6-pcie-40-graphics-card
NVIDIA GeForce RTX 3080 Ti AORUS XTREME Overclocked Triple-Fan 12GB GDDR6X PCIe 4.0 Graphics Card,"1,649.99",https://www.microcenter.com/product/639526/gigabyte-nvidia-geforce-rtx-3080-ti-aorus-xtreme-overclocked-triple-fan-12gb-gddr6x-pcie-40-graphics-card
NVIDIA GeForce RTX 3060 Gaming X Trio Overclocked Triple-Fan 12GB GDDR6 PCIe 4.0 Graphics Card,559.99,https://www.microcenter.com/product/633837/msi-nvidia-geforce-rtx-3060-gaming-x-trio-overclocked-triple-fan-12gb-gddr6-pcie-40-graphics-card
NVIDIA GeForce RTX 3080 TUF Gaming V2 LHR Overclocked Triple-Fan 10GB GDDR6X PCIe 4.0 Graphics Card,"1,049.99",https://www.microcenter.com/product/639631/asus-nvidia-geforce-rtx-3080-tuf-gaming-v2-lhr-overclocked-triple-fan-10gb-gddr6x-pcie-40-graphics-card
AMD Radeon RX 6600 XT ROG Strix Overclocked Dual-Fan 8GB GDDR6 PCIe 4.0 Graphics Card,549.99,https://www.microcenter.com/product/640334/asus-amd-radeon-rx-6600-xt-rog-strix-overclocked-dual-fan-8gb-gddr6-pcie-40-graphics-card
NVIDIA GeForce RTX 3060 ROG Strix Overclocked Triple-Fan 12GB GDDR6 PCIe 4.0 Graphics Card,529.99,https://www.microcenter.com/product/633746/asus-nvidia-geforce-rtx-3060-rog-strix-overclocked-triple-fan-12gb-gddr6-pcie-40-graphics-card
GeForce GT 710 Low Profile Passive 1GB GDDR5 PCIe 2.0 Graphics Card,49.99,https://www.microcenter.com/product/484122/asus-geforce-gt-710-low-profile-passive-1gb-gddr5-pcie-20-graphics-card
NVIDIA GTX 1650 Dual Overclocked Dual-Fan 4GB GDDR6 PCIe 3.0 Graphics Card,209.99,https://www.microcenter.com/product/635036/asus-nvidia-gtx-1650-dual-overclocked-dual-fan-4gb-gddr6-pcie-30-graphics-card
AMD Radeon RX 6900 XT Phantom Gaming Overclocked Triple-Fan 16GB GDDR6 PCIe 4.0 Graphics Card,"1,499.99",https://www.microcenter.com/product/632829/asrock-amd-radeon-rx-6900-xt-phantom-gaming-overclocked-triple-fan-16gb-gddr6-pcie-40-graphics-card
NVIDIA GeForce RTX 3060 Ti Dual V2 Overclocked Dual-Fan 8GB GDDR6 PCIe 4.0 Graphics Card,569.99,https://www.microcenter.com/product/639237/asus-nvidia-geforce-rtx-3060-ti-dual-v2-overclocked-dual-fan-8gb-gddr6-pcie-40-graphics-card
NVIDIA GeForce GT 1030 Low Profile D4 Single-Fan 2GB GDDR4 PCIe 3.0 Graphics Card,109.99,https://www.microcenter.com/product/638152/gigabyte-nvidia-geforce-gt-1030-low-profile-d4-single-fan-2gb-gddr4-pcie-30-graphics-card
NVIDIA GeForce RTX 3070 Ti AORUS Master Overclocked Triple-Fan 8GB GDDR6X PCIe 4.0 Graphics Card,979.99,https://www.microcenter.com/product/638606/gigabyte-nvidia-geforce-rtx-3070-ti-aorus-master-overclocked-triple-fan-8gb-gddr6x-pcie-40-graphics-card
AMD Radeon RX 6600 XT Nitro Plus Overclocked Dual-Fan 8GB GDDR6 PCIe 4.0 Graphics Card,519.99,https://www.microcenter.com/product/640253/sapphire-technology-amd-radeon-rx-6600-xt-nitro-plus-overclocked-dual-fan-8gb-gddr6-pcie-40-graphics-card
NVIDIA GeForce RTX 3070 Ti TUF Gaming Overclocked Triple-Fan 8GB GDDR6X PCIe 4.0 Graphics Card,949.99,https://www.microcenter.com/product/638234/asus-nvidia-geforce-rtx-3070-ti-tuf-gaming-overclocked-triple-fan-8gb-gddr6x-pcie-40-graphics-card
NVIDIA GeForce RTX 3080 FTW3 Ultra Gaming Triple-Fan 10GB GDDR6X PCIe 4.0 Graphics Card,909.99,https://www.microcenter.com/product/639169/evga-nvidia-geforce-rtx-3080-ftw3-ultra-gaming-triple-fan-10gb-gddr6x-pcie-40-graphics-card
NVIDIA GeForce RTX 3070 Ti Ventus 3X Overclocked Triple-Fan 8GB GDDR6X PCIe 4.0 Graphics Card,909.99,https://www.microcenter.com/product/638567/msi-nvidia-geforce-rtx-3070-ti-ventus-3x-overclocked-triple-fan-8gb-gddr6x-pcie-40-graphics-card
NVIDIA GeForce GT 1030 2GD4 LP Overclocked Single-Fan 2GB GDDR4 PCIe 3.0 Graphics Card,114.99,https://www.microcenter.com/product/508643/msi-nvidia-geforce-gt-1030-2gd4-lp-overclocked-single-fan-2gb-gddr4-pcie-30-graphics-card
AMD Radeon RX 6700 XT ROG Strix Overclocked Triple-Fan 12GB GDDR6 PCIe 4.0 Graphics Card,929.99,https://www.microcenter.com/product/635167/asus-amd-radeon-rx-6700-xt-rog-strix-overclocked-triple-fan-12gb-gddr6-pcie-40-graphics-card
AMD Radeon RX 6700 XT MECH 2X Overclocked Dual-Fan 12GB GDDR6 PCIe 4.0 Graphics Card,839.99,https://www.microcenter.com/product/635279/msi-amd-radeon-rx-6700-xt-mech-2x-overclocked-dual-fan-12gb-gddr6-pcie-40-graphics-card
NVIDIA GeForce 210 N210-MD1G/D3 Single-Fan 1GB DDR3 PCIe 2.0 Graphics Card,54.99,https://www.microcenter.com/product/638630/msi-nvidia-geforce-210-n210-md1g-d3-single-fan-1gb-ddr3-pcie-20-graphics-card
AMD Radeon RX 6900 XT Formula Overclocked Triple-Fan 16GB GDDR6 PCIe 4.0 Graphics Card,"1,999.99",https://www.microcenter.com/product/638047/asrock-amd-radeon-rx-6900-xt-formula-overclocked-triple-fan-16gb-gddr6-pcie-40-graphics-card
AMD Radeon RX 6600 XT Gaming X Dual-Fan 8GB GDDR6 PCIe 4.0 Graphics Card,579.99,https://www.microcenter.com/product/640263/msi-amd-radeon-rx-6600-xt-gaming-x-dual-fan-8gb-gddr6-pcie-40-graphics-card
Radeon HD 5450 Low-Profile Passive Cooled 2GB DDR3 PCIe 2.1 Graphics Card,59.99,https://www.microcenter.com/product/462019/visiontek-radeon-hd-5450-low-profile-passive-cooled-2gb-ddr3-pcie-21-graphics-card
AMD Radeon RX 6600 XT Hellhound Overclocked Dual-Fan 8GB GDDR6 PCIe 4.0 Graphics Card,479.99,https://www.microcenter.com/product/640090/powercolor-amd-radeon-rx-6600-xt-hellhound-overclocked-dual-fan-8gb-gddr6-pcie-40-graphics-card
GeForce GT 1030 Phoenix Overclocked Single-Fan 2GB GDDR5 PCIe 3.0 Graphics Card,109.99,https://www.microcenter.com/product/480789/asus-geforce-gt-1030-phoenix-overclocked-single-fan-2gb-gddr5-pcie-30-graphics-card
Phoenix GeForce GTX 1050 Ti Single-Fan 4GB GDDR5 PCIe Video Card,189.99,https://www.microcenter.com/product/472489/asus-phoenix-geforce-gtx-1050-ti-single-fan-4gb-gddr5-pcie-video-card
GeForce RTX 2060 Dual Overclocked Dual-Fan 6GB GDDR6 PCIe 3.0 Graphics Card,439.99,https://www.microcenter.com/product/614595/asus-geforce-rtx-2060-dual-overclocked-dual-fan-6gb-gddr6-pcie-30-graphics-card
NVIDIA GeForce RTX 3070 ROG Strix White V2 LHR Overclocked Triple-Fan 8GB GDDR6 PCIe 4.0 Graphics Card,829.99,https://www.microcenter.com/product/641376/asus-nvidia-geforce-rtx-3070-rog-strix-white-v2-lhr-overclocked-triple-fan-8gb-gddr6-pcie-40-graphics-card
Radeon RX 6800 TUF Gaming Overclocked Triple-Fan 16GB GDDR6 PCIe 4.0 Graphics Card,989.99,https://www.microcenter.com/product/631695/asus-radeon-rx-6800-tuf-gaming-overclocked-triple-fan-16gb-gddr6-pcie-40-graphics-card
GeForce RTX 3080 XC3 Ultra Gaming Triple-Fan 10GB GDDR6X PCIe 4.0 Graphics Card,849.99,https://www.microcenter.com/product/628344/evga-geforce-rtx-3080-xc3-ultra-gaming-triple-fan-10gb-gddr6x-pcie-40-graphics-card
AMD Radeon RX 6700 XT Hellhound Triple-Fan 12GB GDDR6 PCIe 4.0 Graphics Card,829.99,https://www.microcenter.com/product/635136/powercolor-amd-radeon-rx-6700-xt-hellhound-triple-fan-12gb-gddr6-pcie-40-graphics-card
GeForce GTX 1650 SUPER TUF GAMING Overclocked Dual-Fan 4GB GDDR6 PCIe 3.0 Graphics Card,249.99,https://www.microcenter.com/product/617082/asus-geforce-gtx-1650-super-tuf-gaming-overclocked-dual-fan-4gb-gddr6-pcie-30-graphics-card
GeForce GT 710 Low-Profile Passive 2GB GDDR5 PCIe Graphics Card,59.99,https://www.microcenter.com/product/481747/asus-geforce-gt-710-low-profile-passive-2gb-gddr5-pcie-graphics-card
Radeon HD 5450 Low-Profile Passive Cooled 1GB DDR3 PCIe 2.1 Graphics Card,49.99,https://www.microcenter.com/product/462020/visiontek-radeon-hd-5450-low-profile-passive-cooled-1gb-ddr3-pcie-21-graphics-card
NVIDIA GeForce GT 730 N730K-4GD3/OCV1 Overclocked Single-Fan 4GB DDR3 PCIe 2.0 Graphics Card,139.99,https://www.microcenter.com/product/638789/msi-nvidia-geforce-gt-730-n730k-4gd3-ocv1-overclocked-single-fan-4gb-ddr3-pcie-20-graphics-card
Radeon HD 7750 Low-Profile Single-Fan 2GB GDDR5 PCIe 3.0 Graphics Card,219.99,https://www.microcenter.com/product/462021/visiontek-radeon-hd-7750-low-profile-single-fan-2gb-gddr5-pcie-30-graphics-card
NVIDIA GeForce RTX 3060 XC Gaming Dual-Fan 12GB GDDR6 PCIe 4.0 Graphics Card,409.99,https://www.microcenter.com/product/634181/evga-nvidia-geforce-rtx-3060-xc-gaming-dual-fan-12gb-gddr6-pcie-40-graphics-card
Radeon RX 5700 XT NITRO+ Overclocked Triple-Fan 8GB GDDR6 PCIe 4.0 Graphics Card,469.99,https://www.microcenter.com/product/612178/sapphire-technology-radeon-rx-5700-xt-nitro-overclocked-triple-fan-8gb-gddr6-pcie-40-graphics-card
GeForce GT 710 Low Profile Passive Cooled 1GB DDR3 PCIe 2.0 Graphics Card,64.99,https://www.microcenter.com/product/460002/msi-geforce-gt-710-low-profile-passive-cooled-1gb-ddr3-pcie-20-graphics-card
GeForce GT 710 Low Profile Passive Cooled 1GB DDR3 PCIe 2.0 Graphics Card,64.99,https://www.microcenter.com/product/633303/msi-geforce-gt-710-low-profile-passive-cooled-1gb-ddr3-pcie-20-graphics-card
GeForce GT 710 Passive Cooled 2GB GDDR5 PCIe 2.0 Graphics Card,74.99,https://www.microcenter.com/product/626703/asus-geforce-gt-710-passive-cooled-2gb-gddr5-pcie-20-graphics-card
GeForce GTX 1050 Ti Single-Fan 4GB GDDR5 PCIe Video Card,279.99,https://www.microcenter.com/product/472014/gigabyte-geforce-gtx-1050-ti-single-fan-4gb-gddr5-pcie-video-card
GeForce GT 710 Low Profile Passive Cooled 2GB DDR3 PCIe 3.0 Graphics Card,69.99,https://www.microcenter.com/product/460004/msi-geforce-gt-710-low-profile-passive-cooled-2gb-ddr3-pcie-30-graphics-card
AMD Radeon RX 6800 XT Liquid Devil 16GB GDDR6 PCIe 4.0 Graphics Card,"1,659.99",https://www.microcenter.com/product/634083/powercolor-amd-radeon-rx-6800-xt-liquid-devil-16gb-gddr6-pcie-40-graphics-card
SFF Radeon 7750 Single-Fan 2GB GDDR5 PCIe 3.0 Graphics Card,179.99,https://www.microcenter.com/product/462023/visiontek-sff-radeon-7750-single-fan-2gb-gddr5-pcie-30-graphics-card
Radeon RX 560 Single-Fan 4GB GDDR5 PCIe 3.0 Graphics Card,179.99,https://www.microcenter.com/product/617547/visiontek-radeon-rx-560-single-fan-4gb-gddr5-pcie-30-graphics-card
NVIDIA GeForce GT 710 2GD3 LP Single-Fan 2GB DDR3 PCIe 2.0 Graphics Card,69.99,https://www.microcenter.com/product/638591/msi-nvidia-geforce-gt-710-2gd3-lp-single-fan-2gb-ddr3-pcie-20-graphics-card
NVIDIA GeForce RTX 3080 Ti ROG Strix LC Overclocked Hybrid Cooled 12GB GDDR6 PCIe 4.0 Graphics Card,"2,099.99",https://www.microcenter.com/product/639047/asus-nvidia-geforce-rtx-3080-ti-rog-strix-lc-overclocked-hybrid-cooled-12gb-gddr6-pcie-40-graphics-card
AMD Radeon RX 6700 XT Nitro Plus Triple-Fan 12GB GDDR6 PCIe 4.0 Graphics Card,899.99,https://www.microcenter.com/product/635274/sapphire-technology-amd-radeon-rx-6700-xt-nitro-plus-triple-fan-12gb-gddr6-pcie-40-graphics-card
GeForce GTX 1650 TUF Gaming Overclocked Dual-Fan 4GB GDDR6 PCIe 3.0 Graphics Card,219.99,https://www.microcenter.com/product/627658/asus-geforce-gtx-1650-tuf-gaming-overclocked-dual-fan-4gb-gddr6-pcie-30-graphics-card
NVIDIA GeForce RTX 3060 Ti VISION Overclocked Triple-Fan 8GB GDDR6 PCIe 4.0 Graphics Card,579.99,https://www.microcenter.com/product/639485/gigabyte-nvidia-geforce-rtx-3060-ti-vision-overclocked-triple-fan-8gb-gddr6-pcie-40-graphics-card
NVIDIA GeForce RTX 3060 Ti Gaming Z Trio LHR Triple-Fan 8GB GDDR6 PCIe 4.0 Graphics Card,679.99,https://www.microcenter.com/product/640967/msi-nvidia-geforce-rtx-3060-ti-gaming-z-trio-lhr-triple-fan-8gb-gddr6-pcie-40-graphics-card
GeForce GT 1030 Passive 2GB GDDR5 PCIe Graphics Card,89.99,https://www.microcenter.com/product/479898/asus-geforce-gt-1030-passive-2gb-gddr5-pcie-graphics-card
AMD Radeon RX 6800 XT Gaming Overclocked Triple-Fan 16GB GDDR6 PCIe 4.0 Graphics Card,"1,329.99",https://www.microcenter.com/product/631991/gigabyte-amd-radeon-rx-6800-xt-gaming-overclocked-triple-fan-16gb-gddr6-pcie-40-graphics-card
GeForce GTX 1660 Ti Gaming X Overclocked Dual Fan 6GB GDDR6 PCIe 3.0 Graphics Card,389.99,https://www.microcenter.com/product/603372/msi-geforce-gtx-1660-ti-gaming-x-overclocked-dual-fan-6gb-gddr6-pcie-30-graphics-card
GeForce GTX 1660 Super TUF Overclocked Dual-Fan 6GB GDDR6 PCIe 3.0 Graphics Card,329.99,https://www.microcenter.com/product/617084/asus-geforce-gtx-1660-super-tuf-overclocked-dual-fan-6gb-gddr6-pcie-30-graphics-card
AMD Radeon RX 6800 Red Dragon Overclocked Triple-Fan 16GB GDDR6 PCIe 4.0 Graphics Card,"1,169.99",https://www.microcenter.com/product/632322/powercolor-amd-radeon-rx-6800-red-dragon-overclocked-triple-fan-16gb-gddr6-pcie-40-graphics-card
NVIDIA GeForce RTX 3060 Ventus 2x Overclocked Dual-Fan 12GB GDDR6 PCIe 4.0 Graphics Card,504.99,https://www.microcenter.com/product/633840/msi-nvidia-geforce-rtx-3060-ventus-2x-overclocked-dual-fan-12gb-gddr6-pcie-40-graphics-card
AMD Radeon RX 6600 XT Mech 2X Overclocked Dual-Fan 8GB GDDR6 PCIe 4.0 Graphics Card,559.99,https://www.microcenter.com/product/640264/msi-amd-radeon-rx-6600-xt-mech-2x-overclocked-dual-fan-8gb-gddr6-pcie-40-graphics-card
AMD Radeon RX 6600 XT Pulse Overclocked Dual-Fan 8GB GDDR6 PCIe 4.0 Graphics Card,499.99,https://www.microcenter.com/product/640254/sapphire-technology-amd-radeon-rx-6600-xt-pulse-overclocked-dual-fan-8gb-gddr6-pcie-40-graphics-card
GeForce RTX 3070 TUF Overclocked Triple-Fan 8GB GDDR6 PCIe 4.0 Graphics Card,749.99,https://www.microcenter.com/product/630684/asus-geforce-rtx-3070-tuf-overclocked-triple-fan-8gb-gddr6-pcie-40-graphics-card
AMD Radeon RX 6700 XT Fighter Dual-Fan 12GB GDDR6 PCIe 4.0 Graphics Card,799.99,https://www.microcenter.com/product/635137/powercolor-amd-radeon-rx-6700-xt-fighter-dual-fan-12gb-gddr6-pcie-40-graphics-card
GeForce RTX 3080 FTW3 Ultra Gaming Triple-Fan 10GB GDDR6X PCIe 4.0 Graphics Card,889.99,https://www.microcenter.com/product/628346/evga-geforce-rtx-3080-ftw3-ultra-gaming-triple-fan-10gb-gddr6x-pcie-40-graphics-card
AMD Radeon RX 6900 XT ROG Strix LC Overclocked Hybrid Cooled 16GB GDDR6 PCIe 4.0 Graphics Card,"2,499.99",https://www.microcenter.com/product/638377/asus-amd-radeon-rx-6900-xt-rog-strix-lc-overclocked-hybrid-cooled-16gb-gddr6-pcie-40-graphics-card
GeForce RTX 3080 Ventus 3X Overclocked Triple-Fan 10GB GDDR6X PCIe 4.0 Graphics Card,"1,099.99",https://www.microcenter.com/product/628331/msi-geforce-rtx-3080-ventus-3x-overclocked-triple-fan-10gb-gddr6x-pcie-40-graphics-card
AMD Radeon RX 6800 XT AORUS Master Overclocked Triple-Fan 16GB GDDR6 PCIe 4.0 Graphics Card,"1,419.99",https://www.microcenter.com/product/638311/gigabyte-amd-radeon-rx-6800-xt-aorus-master-overclocked-triple-fan-16gb-gddr6-pcie-40-graphics-card
NVIDIA GeForce RTX 3080 Ti Eagle Overclocked Triple-Fan 12GB GDDR6X PCIe 4.0 Graphics Card,"1,199.99",https://www.microcenter.com/product/640166/gigabyte-nvidia-geforce-rtx-3080-ti-eagle-overclocked-triple-fan-12gb-gddr6x-pcie-40-graphics-card
AMD Radeon RX 6900 XT TUF Gaming Overclocked Triple-Fan 16GB GDDR6 PCIe 4.0 Graphics Card,"1,599.99",https://www.microcenter.com/product/632292/asus-amd-radeon-rx-6900-xt-tuf-gaming-overclocked-triple-fan-16gb-gddr6-pcie-40-graphics-card
NVIDIA GeForce RTX 3080 Ti VISION Overclocked Triple-Fan 12GB GDDR6X PCIe 4.0 Graphics Card,"1,529.99",https://www.microcenter.com/product/638406/gigabyte-nvidia-geforce-rtx-3080-ti-vision-overclocked-triple-fan-12gb-gddr6x-pcie-40-graphics-card
AMD Radeon RX 6900 XT Gaming X Trio Triple-Fan 16GB GDDR6 PCIe 4.0 Graphics Card,"1,719.99",https://www.microcenter.com/product/634191/msi-amd-radeon-rx-6900-xt-gaming-x-trio-triple-fan-16gb-gddr6-pcie-40-graphics-card
NVIDIA GeForce RTX 3060 Ti Twin Edge LHR Overclocked Dual-Fan 8GB GDDR6 PCIe 4.0 Graphics Card,599.99,https://www.microcenter.com/product/640805/zotac-nvidia-geforce-rtx-3060-ti-twin-edge-lhr-overclocked-dual-fan-8gb-gddr6-pcie-40-graphics-card
GeForce RTX 3090 Eagle Overclocked Triple-Fan 24GB GDDR6X PCIe 4.0 Graphics Card,"2,099.99",https://www.microcenter.com/product/628414/gigabyte-geforce-rtx-3090-eagle-overclocked-triple-fan-24gb-gddr6x-pcie-40-graphics-card
AMD Radeon RX 6900 XT Gaming Overclocked Triple-Fan 16GB GDDR6 PCIe 4.0 Graphics Card,"2,059.99",https://www.microcenter.com/product/637575/gigabyte-amd-radeon-rx-6900-xt-gaming-overclocked-triple-fan-16gb-gddr6-pcie-40-graphics-card
AMD Radeon RX 6900 XT Toxic Overclocked Hybrid Cooled 16GB GDDR6 PCIe 4.0 Graphics Card,"2,099.99",https://www.microcenter.com/product/636989/sapphire-technology-amd-radeon-rx-6900-xt-toxic-overclocked-hybrid-cooled-16gb-gddr6-pcie-40-graphics-card
NVIDIA GeForce RTX 3070 Ti AMP Holo Triple-Fan 8GB GDDR6X PCIe 4.0 Graphics Card,"1,019.99",https://www.microcenter.com/product/638610/zotac-nvidia-geforce-rtx-3070-ti-amp-holo-triple-fan-8gb-gddr6x-pcie-40-graphics-card
GeForce RTX 3080 TUF Gaming Overclocked Triple-Fan 10GB GDDR6X PCIe 4.0 Graphics Card,"1,049.99",https://www.microcenter.com/product/628318/asus-geforce-rtx-3080-tuf-gaming-overclocked-triple-fan-10gb-gddr6x-pcie-40-graphics-card
GeForce GTX 1660 Gaming X Overclocked Double-Fan 6GB GDDR5 PCIe 3.0 Graphics Card,354.99,https://www.microcenter.com/product/604240/msi-geforce-gtx-1660-gaming-x-overclocked-double-fan-6gb-gddr5-pcie-30-graphics-card
Radeon RX 5500 XT Mech Overclocked Dual-Fan 8GB GDDR6 PCIe 4.0 Graphics Card,209.99,https://www.microcenter.com/product/617678/msi-radeon-rx-5500-xt-mech-overclocked-dual-fan-8gb-gddr6-pcie-40-graphics-card
AMD Radeon RX 6700 XT Nitro Plus Overclocked Triple-Fan 12GB GDDR6 PCIe 4.0 Graphics Card,899.99,https://www.microcenter.com/product/637146/sapphire-technology-amd-radeon-rx-6700-xt-nitro-plus-overclocked-triple-fan-12gb-gddr6-pcie-40-graphics-card
AMD Radeon RX 6900 XT AORUS Master Overclocked Triple-Fan 16GB GDDR6 PCIe 4.0 Graphics Card,"2,159.99",https://www.microcenter.com/product/637799/gigabyte-amd-radeon-rx-6900-xt-aorus-master-overclocked-triple-fan-16gb-gddr6-pcie-40-graphics-card
Radeon RX 580 Dual Overclocked Dual-Fan 8GB GDDR5 PCIe 3.0 Graphics Card,369.99,https://www.microcenter.com/product/627305/asus-radeon-rx-580-dual-overclocked-dual-fan-8gb-gddr5-pcie-30-graphics-card
AMD Radeon RX 6800 XT AXRX Overclocked Triple-Fan 16GB GDDR6 PCIe 4.0 Graphics Card,"1,219.99",https://www.microcenter.com/product/632320/powercolor-amd-radeon-rx-6800-xt-axrx-overclocked-triple-fan-16gb-gddr6-pcie-40-graphics-card
NVIDIA GeForce GTX 1660 Phoenix Overclocked Single-Fan 6GB GDDR5 PCIe 3.0 Graphics Card,299.99,https://www.microcenter.com/product/639045/asus-nvidia-geforce-gtx-1660-phoenix-overclocked-single-fan-6gb-gddr5-pcie-30-graphics-card
GeForce GTX 1660 Super Ventus XS Overclocked Dual-Fan 6GB GDDR6 PCIe 3.0 Graphics Card,434.99,https://www.microcenter.com/product/616156/msi-geforce-gtx-1660-super-ventus-xs-overclocked-dual-fan-6gb-gddr6-pcie-30-graphics-card
GeForce RTX 3070 Ventus 3X Overclocked Triple-Fan 8GB GDDR6 PCIe 4.0 Graphics Card,759.99,https://www.microcenter.com/product/630202/msi-geforce-rtx-3070-ventus-3x-overclocked-triple-fan-8gb-gddr6-pcie-40-graphics-card
AMD Radeon RX 6700 XT Hellhound Spectral White Triple-Fan 12GB GDDR6 PCIe 4.0 Graphics Card,989.99,https://www.microcenter.com/product/637524/powercolor-amd-radeon-rx-6700-xt-hellhound-spectral-white-triple-fan-12gb-gddr6-pcie-40-graphics-card
NVIDIA GeForce GT 730 Low Profile Passive Cooled 2GB GDDR5 PCIe 3.0 Graphics Card,79.99,https://www.microcenter.com/product/641955/asus-nvidia-geforce-gt-730-low-profile-passive-cooled-2gb-gddr5-pcie-30-graphics-card
AMD Radeon RX 6900 XT Liquid Devil Overclocked Liquid Cooled 16GB GDDR6 PCIe 4.0 Graphics Card,"2,199.00",https://www.microcenter.com/product/634084/powercolor-amd-radeon-rx-6900-xt-liquid-devil-overclocked-liquid-cooled-16gb-gddr6-pcie-40-graphics-card
NVIDIA GeForce GT 730 N730K-2GD3H/LPV1 Passive Cooled 2GB DDR3 PCIe 2.0 Graphics Card,109.99,https://www.microcenter.com/product/638790/msi-nvidia-geforce-gt-730-n730k-2gd3h-lpv1-passive-cooled-2gb-ddr3-pcie-20-graphics-card
GeForce RTX 3070 Gaming Overclocked Triple-Fan 8GB GDDR6 PCIe 4.0 Graphics Card,749.99,https://www.microcenter.com/product/630033/gigabyte-geforce-rtx-3070-gaming-overclocked-triple-fan-8gb-gddr6-pcie-40-graphics-card
Radeon RX 5700 XT Pulse Overclocked Dual-Fan 8GB GDDR6 PCIe 4.0 Graphics Card,409.99,https://www.microcenter.com/product/626074/sapphire-technology-radeon-rx-5700-xt-pulse-overclocked-dual-fan-8gb-gddr6-pcie-40-graphics-card
Radeon RX 5700 XT ROG Strix Overclocked Triple-Fan 8GB GDDR6 PCIe 4.0 Graphics Card,599.99,https://www.microcenter.com/product/618532/asus-radeon-rx-5700-xt-rog-strix-overclocked-triple-fan-8gb-gddr6-pcie-40-graphics-card
GeForce GT 1030 Low Profile Single-Fan 2GB GDDR5 PCIe 3.0 Graphics Card,84.99,https://www.microcenter.com/product/479738/gigabyte-geforce-gt-1030-low-profile-single-fan-2gb-gddr5-pcie-30-graphics-card
NVIDIA GeForce RTX 3070 Ventus 2X LHR Overclocked Dual-Fan 8GB GDDR6 PCIe 4.0 Graphics Card,729.99,https://www.microcenter.com/product/640492/msi-nvidia-geforce-rtx-3070-ventus-2x-lhr-overclocked-dual-fan-8gb-gddr6-pcie-40-graphics-card
Radeon RX 5700 XT Gaming X Dual-Fan 8GB GDDR6 PCIe 4.0 Graphics Card,599.99,https://www.microcenter.com/product/616173/msi-radeon-rx-5700-xt-gaming-x-dual-fan-8gb-gddr6-pcie-40-graphics-card
NVIDIA GeForce RTX 3080 AORUS Master LHR Overclocked Triple-Fan 10GB GDDR6X PCIe 4.0 Graphics Card,"1,099.99",https://www.microcenter.com/product/639486/gigabyte-nvidia-geforce-rtx-3080-aorus-master-lhr-overclocked-triple-fan-10gb-gddr6x-pcie-40-graphics-card
AMD Radeon RX 6600 XT Fighter Dual-Fan 8GB GDDR6 PCIe 4.0 Graphics Card,399.99,https://www.microcenter.com/product/640366/powercolor-amd-radeon-rx-6600-xt-fighter-dual-fan-8gb-gddr6-pcie-40-graphics-card
AMD Radeon RX 6900 XT Toxic Gaming Limited Edition Overclocked Hybrid Cooled 16GB GDDR6 PCIe 4.0 Graphics Card,"2,049.99",https://www.microcenter.com/product/641921/sapphire-technology-amd-radeon-rx-6900-xt-toxic-gaming-limited-edition-overclocked-hybrid-cooled-16gb-gddr6-pcie-40-graphics-card
NVIDIA GeForce RTX 3080 Ti Gaming Trio X  Triple-Fan 12GB GDDR6X PCIe 4.0 Graphics Card,"1,769.99",https://www.microcenter.com/product/638329/msi-nvidia-geforce-rtx-3080-ti-gaming-trio-x-triple-fan-12gb-gddr6x-pcie-40-graphics-card
AMD Radeon RX 6800 XT GAMING X TRIO Overclocked Triple-Fan 16GB GDDR6 PCIe 4.0 Graphics Card,"1,319.99",https://www.microcenter.com/product/632555/msi-amd-radeon-rx-6800-xt-gaming-x-trio-overclocked-triple-fan-16gb-gddr6-pcie-40-graphics-card
Radeon RX 5600 XT ROG STRIX TOP Edition Overclocked Triple-Fan 6GB GDDR6 PCIe 4.0 Graphics Card,449.99,https://www.microcenter.com/product/626832/asus-radeon-rx-5600-xt-rog-strix-top-edition-overclocked-triple-fan-6gb-gddr6-pcie-40-graphics-card
AMD Radeon RX 6700 XT Nitro Plus Overclocked Triple-Fan 12GB GDDR6 PCIe 4.0 Graphics Card (Refurbished),949.99,https://www.microcenter.com/product/640615/sapphire-technology-amd-radeon-rx-6700-xt-nitro-plus-overclocked-triple-fan-12gb-gddr6-pcie-40-graphics-card-(refurbished)
Ryzen 5 5600X Vermeer 3.7GHz 6-Core AM4 Boxed Processor with Wraith Stealth Cooler,269.99,https://www.microcenter.com/product/630285/amd-ryzen-5-5600x-vermeer-37ghz-6-core-am4-boxed-processor-with-wraith-stealth-cooler
Ryzen 7 5800X Vermeer 3.8GHz 8-Core AM4 Boxed Processor - Heatsink Not Included,369.99,https://www.microcenter.com/product/630284/amd-ryzen-7-5800x-vermeer-38ghz-8-core-am4-boxed-processor-heatsink-not-included
Ryzen 5 5600G Cezanne 3.9GHz 6-Core AM4 Boxed Processor with Wraith Stealth Cooler,219.99,https://www.microcenter.com/product/639744/amd-ryzen-5-5600g-cezanne-39ghz-6-core-am4-boxed-processor-with-wraith-stealth-cooler
Core i7-9700K Coffee Lake 3.6GHz Eight-Core LGA 1151 Boxed Processor - Heatsink Not Included,199.99,https://www.microcenter.com/product/512484/intel-core-i7-9700k-coffee-lake-36ghz-eight-core-lga-1151-boxed-processor-heatsink-not-included
Ryzen 9 5900X Vermeer 3.7GHz 12-Core AM4 Boxed Processor - Heatsink Not Included,549.99,https://www.microcenter.com/product/630283/amd-ryzen-9-5900x-vermeer-37ghz-12-core-am4-boxed-processor-heatsink-not-included
Core i7-10700K Comet Lake 3.8GHz Eight-Core LGA 1200 Boxed Processor - Heatsink Not Included,269.99,https://www.microcenter.com/product/623048/intel-core-i7-10700k-comet-lake-38ghz-eight-core-lga-1200-boxed-processor-heatsink-not-included
Ryzen 7 5700G Cezanne 3.8GHz 8-Core AM4 Boxed Processor with Wraith Stealth Cooler,299.99,https://www.microcenter.com/product/639743/amd-ryzen-7-5700g-cezanne-38ghz-8-core-am4-boxed-processor-with-wraith-stealth-cooler
Core i7-11700K Rocket Lake 3.6GHz Eight-Core LGA 1200 Boxed Processor - Heatsink Not Included,349.99,https://www.microcenter.com/product/633422/intel-core-i7-11700k-rocket-lake-36ghz-eight-core-lga-1200-boxed-processor-heatsink-not-included
Ryzen 9 3900X Matisse 3.8GHz 12-Core AM4 Boxed Processor with Wraith Prism Cooler,419.99,https://www.microcenter.com/product/608316/amd-ryzen-9-3900x-matisse-38ghz-12-core-am4-boxed-processor-with-wraith-prism-cooler
Ryzen 9 5950X Vermeer 3.4GHz 16-Core AM4 Boxed Processor - Heatsink Not Included,739.99,https://www.microcenter.com/product/630282/amd-ryzen-9-5950x-vermeer-34ghz-16-core-am4-boxed-processor-heatsink-not-included
Core i9-10850K Comet Lake 3.6GHz Ten-Core LGA 1200 Boxed Processor - Heatsink Not Included,369.99,https://www.microcenter.com/product/626745/intel-core-i9-10850k-comet-lake-36ghz-ten-core-lga-1200-boxed-processor-heatsink-not-included
Core i9-11900K Rocket Lake 3.5GHz Eight-Core LGA 1200 Boxed Processor - Heatsink Not Included,499.99,https://www.microcenter.com/product/633421/intel-core-i9-11900k-rocket-lake-35ghz-eight-core-lga-1200-boxed-processor-heatsink-not-included
Core i5-11600K Rocket Lake 3.9GHz Six-Core LGA 1200 Boxed Processor - Heatsink Not Included,219.99,https://www.microcenter.com/product/633423/intel-core-i5-11600k-rocket-lake-39ghz-six-core-lga-1200-boxed-processor-heatsink-not-included
Core i7-11700 Rocket Lake 2.5GHz Eight-Core LGA 1200 Boxed Processor,299.99,https://www.microcenter.com/product/633425/intel-core-i7-11700-rocket-lake-25ghz-eight-core-lga-1200-boxed-processor
Core i5-10400 Comet Lake 2.9GHz Six-Core LGA 1200 Boxed Processor with Stock Intel Cooler,179.99,https://www.microcenter.com/product/622904/intel-core-i5-10400-comet-lake-29ghz-six-core-lga-1200-boxed-processor-with-stock-intel-cooler
Ryzen 7 3700X Matisse 3.6GHz 8-Core AM4 Boxed Processor with Wraith Prism Cooler,299.99,https://www.microcenter.com/product/608318/amd-ryzen-7-3700x-matisse-36ghz-8-core-am4-boxed-processor-with-wraith-prism-cooler
Core i7-10700 Comet Lake 2.9GHz Eight-Core LGA 1200 Boxed Processor with Stock Intel Cooler,219.99,https://www.microcenter.com/product/623439/intel-core-i7-10700-comet-lake-29ghz-eight-core-lga-1200-boxed-processor-with-stock-intel-cooler
Core i9-10900 Comet Lake 2.8GHz Ten-Core LGA 1200 Boxed Processor with Intel Stock Cooler,329.99,https://www.microcenter.com/product/623438/intel-core-i9-10900-comet-lake-28ghz-ten-core-lga-1200-boxed-processor-with-intel-stock-cooler
Core i3-10100F Comet Lake 3.6GHz Quad-Core LGA 1200 Boxed Processor with Intel Stock Cooler,89.99,https://www.microcenter.com/product/633013/intel-core-i3-10100f-comet-lake-36ghz-quad-core-lga-1200-boxed-processor-with-intel-stock-cooler
Core i9-10920X Cascade Lake 3.5 GHz LGA 2066 Boxed Processor - Heatsink Not Included,649.99,https://www.microcenter.com/product/618408/intel-core-i9-10920x-cascade-lake-35-ghz-lga-2066-boxed-processor-heatsink-not-included
Core i9-10980XE Cascade Lake 3.0 GHz LGA 2066 Boxed Processor - Heatsink Not Included,869.99,https://www.microcenter.com/product/618406/intel-core-i9-10980xe-cascade-lake-30-ghz-lga-2066-boxed-processor-heatsink-not-included
Core i5-10600K Comet Lake 4.1GHz Six-Core LGA 1200 Boxed Processor - Heatsink Not Included,199.99,https://www.microcenter.com/product/622907/intel-core-i5-10600k-comet-lake-41ghz-six-core-lga-1200-boxed-processor-heatsink-not-included
Core i9-11900 Rocket Lake 3.5GHz Eight-Core LGA 1200 Boxed Processor,549.99,https://www.microcenter.com/product/633428/intel-core-i9-11900-rocket-lake-35ghz-eight-core-lga-1200-boxed-processor
Ryzen Threadripper 3990X Castle Peak 2.9GHz 64-Core sTRX4 Boxed Processor - Heatsink Not Included,"4,799.99",https://www.microcenter.com/product/617878/amd-ryzen-threadripper-3990x-castle-peak-29ghz-64-core-strx4-boxed-processor-heatsink-not-included
Ryzen Threadripper PRO 3975WX Castle Peak 3.5GHz 32 Core sWRX8 Boxed Processor - Heatsink Not Included,"2,599.99",https://www.microcenter.com/product/634209/amd-ryzen-threadripper-pro-3975wx-castle-peak-35ghz-32-core-swrx8-boxed-processor-heatsink-not-included
Ryzen 9 3950X Matisse 3.5GHz 16-Core AM4 Boxed Processor - Heatsink Not Included,699.99,https://www.microcenter.com/product/616858/amd-ryzen-9-3950x-matisse-35ghz-16-core-am4-boxed-processor-heatsink-not-included
Ryzen Threadripper 3970X Castle Peak 3.7GHz 32-Core sTRX4 Boxed Processor - Heatsink Not Included,"2,199.99",https://www.microcenter.com/product/617457/amd-ryzen-threadripper-3970x-castle-peak-37ghz-32-core-strx4-boxed-processor-heatsink-not-included
Ryzen Threadripper PRO 3955WX Castle Peak 3.9GHz 16 Core sWRX8 Boxed Processor - Heatsink Not Included,"1,099.99",https://www.microcenter.com/product/634211/amd-ryzen-threadripper-pro-3955wx-castle-peak-39ghz-16-core-swrx8-boxed-processor-heatsink-not-included
Ryzen Threadripper PRO 3995WX Castle Peak 2.7GHz 64-Core sWRX8 Boxed Processor - Heatsink Not Included,"5,399.99",https://www.microcenter.com/product/634208/amd-ryzen-threadripper-pro-3995wx-castle-peak-27ghz-64-core-swrx8-boxed-processor-heatsink-not-included
Xeon W-1270 Comet Lake 3.4GHz Eight-Core LGA 1200 Boxed Processor,399.99,https://www.microcenter.com/product/638497/intel-xeon-w-1270-comet-lake-34ghz-eight-core-lga-1200-boxed-processor
Xeon Gold 6240R Cascade Lake 2.4GHz 24-Core Socket P (LGA 3647) Boxed Processor - Heatsink Not Included,"2,489.99",https://www.microcenter.com/product/638499/intel-xeon-gold-6240r-cascade-lake-24ghz-24-core-socket-p-(lga-3647)-boxed-processor-heatsink-not-included
EPYC 7551P Naples 2.0GHz 32-Core SP3 Boxed Processor - Heatsink Not Included,"1,299.99",https://www.microcenter.com/product/638489/amd-epyc-7551p-naples-20ghz-32-core-sp3-boxed-processor-heatsink-not-included
Xeon E-2224 Coffee Lake 3.4GHz Quad-Core LGA 1151 Boxed Processor - Heatsink Not Included,219.99,https://www.microcenter.com/product/638501/intel-xeon-e-2224-coffee-lake-34ghz-quad-core-lga-1151-boxed-processor-heatsink-not-included
Xeon W-2223 Cascade Lake 3.6GHz Quad-Core LGA 2066 Boxed Processor,329.99,https://www.microcenter.com/product/638496/intel-xeon-w-2223-cascade-lake-36ghz-quad-core-lga-2066-boxed-processor
EPYC 7351P Naples 2.4GHz 16-Core SP3 Boxed Processor - Heatsink Not Included,599.99,https://www.microcenter.com/product/638491/amd-epyc-7351p-naples-24ghz-16-core-sp3-boxed-processor-heatsink-not-included
EPYC 7702P Rome 2.0GHz 64-Core SP3 Boxed Processor - Heatsink Not Included,"5,199.99",https://www.microcenter.com/product/638484/amd-epyc-7702p-rome-20ghz-64-core-sp3-boxed-processor-heatsink-not-included
Xeon Bronze 3206R Cascade Lake 1.9GHz Eight-Core Socket P (LGA 3647) Boxed Processor - Heatsink Not Included,359.99,https://www.microcenter.com/product/638500/intel-xeon-bronze-3206r-cascade-lake-19ghz-eight-core-socket-p-(lga-3647)-boxed-processor-heatsink-not-included
Xeon W-2235 Cascade Lake 3.8GHz Six-Core LGA 2066 Boxed Processor,749.99,https://www.microcenter.com/product/638495/intel-xeon-w-2235-cascade-lake-38ghz-six-core-lga-2066-boxed-processor
EPYC 7401P Naples 2.0GHz 24-Core SP3 Boxed Processor - Heatsink Not Included,"1,079.99",https://www.microcenter.com/product/638490/amd-epyc-7401p-naples-20ghz-24-core-sp3-boxed-processor-heatsink-not-included
Xeon E-2224G Coffee Lake 3.5GHz Quad-Core LGA 1151 Boxed Processor - Heatsink Not Included,259.99,https://www.microcenter.com/product/638505/intel-xeon-e-2224g-coffee-lake-35ghz-quad-core-lga-1151-boxed-processor-heatsink-not-included
Core i3-10100 Comet Lake 3.6GHz Quad-Core LGA 1200 Boxed Processor with Intel Stock Cooler,119.99,https://www.microcenter.com/product/622905/intel-core-i3-10100-comet-lake-36ghz-quad-core-lga-1200-boxed-processor-with-intel-stock-cooler
