Product_Name,UUID,10/16/2021,10/17/2021,10/18/2021,10/19/2021,10/20/2021,10/21/2021,10/22/2021,10/23/2021,10/24/2021,10/25/2021,10/26/2021,10/27/2021,10/28/2021,10/29/2021,10/30/2021
MSI AMD Radeon RX 6600 XT Gaming X 8GB GDDR6 PCIe 4.0 Graphics Card,b703f661-e23f-427a-ae90-410ed62bd81f,-1,-1,-1,-1,-1,-1,-1,-1,-1,-1,-1,-1,-1,-1,0
MSI NVIDIA GeForce RTX 3060 Ti Gaming X 8GB GDDR6 PCIe 4.0 Graphics Card,03667498-5524-4721-bb1c-1c467c271f9f,-1,-1,-1,-1,-1,-1,-1,-1,-1,-1,-1,-1,-1,-1,0
Gigabyte NVIDIA GeForce RTX 3080 Ti Gaming OC 12GB GDDR6 PCIe 4.0 Graphics Card,588ffa0e-47f5-495b-a959-f17c0b417163,-1,-1,-1,-1,-1,-1,-1,-1,-1,-1,-1,-1,-1,-1,0
Gigabyte NVIDIA GeForce RTX 3070 Ti Gaming OC 8GB GDDR6X PCIe 4.0 Graphics Card,b5b3b06d-73c4-44e8-9338-34ac8baecc77,-1,-1,-1,-1,-1,-1,-1,-1,-1,-1,-1,-1,-1,-1,0
EVGA NVIDIA GeForce RTX 3080 Ti FTW3 Ultra Gaming 12GB GDDR6X PCIe 4.0 Graphics Card,31956b7f-8691-454d-b809-2ce66ff91517,-1,-1,-1,-1,-1,-1,-1,-1,-1,-1,-1,-1,-1,-1,0
MSI NVIDIA GeForce RTX 3070 Gaming Z Trio 8GB GDDR6 PCIe 4.0 Graphics Card,6729f417-e194-4eb4-a9ae-231a5e84e071,-1,-1,-1,-1,-1,-1,-1,-1,-1,-1,-1,-1,-1,-1,0
EVGA NVIDIA GeForce RTX 3060 XC Gaming 12GB GDDR6 PCIe 4.0 Graphics Card,f0185fd4-6724-454f-9258-49a5253af00d,-1,-1,-1,-1,-1,-1,-1,-1,-1,-1,-1,-1,-1,-1,0
MSI NVIDIA GeForce RTX 3080 Gaming Z Trio 10GB GDDR6X PCIe 4.0 Graphics Card,32bb0177-f842-4f14-87ef-cd6bd351d3d6,-1,-1,-1,-1,-1,-1,-1,-1,-1,-1,-1,-1,-1,-1,0
MSI NVIDIA GeForce RTX 3060 Ventus 2x OC 12GB GDDR6 PCIe 4.0 Graphics Card,a1c7b51e-efb3-4a14-af8d-3c82e186f79e,-1,-1,-1,-1,-1,-1,-1,-1,-1,-1,-1,-1,-1,-1,0
EVGA NVIDIA GeForce RTX 3070 FTW3 Ultra Gaming 8GB GDDR6 PCIe 4.0 Graphics Card,ea45437e-d6ce-49f0-842b-d71d93efc066,-1,-1,-1,-1,-1,-1,-1,-1,-1,-1,-1,-1,-1,-1,0
MSI NVIDIA GeForce RTX 3070 Ti Gaming X Trio 8GB GDDR6X PCIe 4.0 Graphics Card,912bd6d2-1ea6-4b86-a2cc-ff251730c362,-1,-1,-1,-1,-1,-1,-1,-1,-1,-1,-1,-1,-1,-1,0
Gigabyte GeForce RTX 3090 Gaming OC 24GB GDDR6X PCIe 4.0 Graphics Card,2836b4aa-61e6-4244-aabc-a77c26dbb459,-1,-1,-1,-1,-1,-1,-1,-1,-1,-1,-1,-1,-1,-1,0
Gigabyte NVIDIA GeForce RTX 3070 AORUS Master OC 8GB GDDR6 PCIe 4.0 Graphics Card,7255c8cc-a596-40ec-b01b-bf126ceebb98,-1,-1,-1,-1,-1,-1,-1,-1,-1,-1,-1,-1,-1,-1,0
MSI NVIDIA GeForce RTX 3060 Ventus 3X OC 12GB GDDR6 PCIe 4.0 Graphics Card,3ad9bff0-3d4b-450e-980b-9990950fbdc4,-1,-1,-1,-1,-1,-1,-1,-1,-1,-1,-1,-1,-1,-1,0
Gigabyte AMD Radeon RX 6800 XT Gaming OC 16GB GDDR6 PCIe 4.0 Graphics Card,23161394-e147-449b-a612-d61612b7544b,-1,-1,-1,-1,-1,-1,-1,-1,-1,-1,-1,-1,-1,-1,0
Gigabyte NVIDIA GeForce RTX 3080 Ti AORUS XTREME OC 12GB GDDR6X PCIe 4.0 Graphics Card,9b65022e-84f9-4a18-8bdc-9941a13e6967,-1,-1,-1,-1,-1,-1,-1,-1,-1,-1,-1,-1,-1,-1,0
Gigabyte NVIDIA GeForce RTX 3060 Ti Gaming Pro LHC OC 8GB GDDR6 PCIe 4.0 Graphics Card,27d93e37-08b2-495f-85eb-c8babe13b090,-1,-1,-1,-1,-1,-1,-1,-1,-1,-1,-1,-1,-1,-1,0
Gigabyte AMD Radeon RX 6600 XT Gaming Pro OC 8GB GDDR6 PCIe 4.0 Graphics Card,8c7e5f3b-48a6-48ce-998d-a33bca7818a3,-1,-1,-1,-1,-1,-1,-1,-1,-1,-1,-1,-1,-1,-1,0
EVGA NVIDIA GeForce RTX 3060 Ti FTW3 Ultra Gaming 8GB GDDR6 PCIe 4.0 Graphics Card,554f3b2f-9a7f-41cc-b09b-072ef18a33b4,-1,-1,-1,-1,-1,-1,-1,-1,-1,-1,-1,-1,-1,-1,0
Gigabyte NVIDIA GeForce GT 1030 Low Profile D4 2GB GDDR4 PCIe 3.0 Graphics Card,850f9629-cdbe-4a8f-9546-b3ca96e0a8db,-1,-1,-1,-1,-1,-1,-1,-1,-1,-1,-1,-1,-1,-1,0
ASUS NVIDIA GeForce RTX 3060 ROG Strix V2 OC 12GB GDDR6 PCIe 4.0 Graphics Card,1495ede7-1b39-4135-be47-a319175718cb,-1,-1,-1,-1,-1,-1,-1,-1,-1,-1,-1,-1,-1,-1,0
Gigabyte AMD Radeon RX 6700 XT Eagle 12GB GDDR6 PCIe 4.0 Graphics Card,e45b79af-9843-4ead-bce9-da4de71fa8e8,-1,-1,-1,-1,-1,-1,-1,-1,-1,-1,-1,-1,-1,-1,0
Gigabyte AMD Radeon RX 6600 XT Eagle OC 8GB GDDR6 PCIe 4.0 Graphics Card,01af5d8f-52de-43a1-8d48-59b398526e60,-1,-1,-1,-1,-1,-1,-1,-1,-1,-1,-1,-1,-1,-1,0
MSI NVIDIA GeForce RTX 3070 Ti Ventus 3X OC 8GB GDDR6X PCIe 4.0 Graphics Card,c2e10fbf-4ffa-437c-b9df-ec20df0f719d,-1,-1,-1,-1,-1,-1,-1,-1,-1,-1,-1,-1,-1,-1,0
MSI GeForce RTX 3090 Ventus 3X OC 24GB GDDR6X PCIe 4.0 Graphics Card,fb33da53-3f31-46b9-9bc8-b9515db72056,-1,-1,-1,-1,-1,-1,-1,-1,-1,-1,-1,-1,-1,-1,0
ASUS NVIDIA GeForce RTX 3060 Ti TUF Gaming V2 OC 8GB GDDR6 PCIe 4.0 Graphics Card,4c601129-2cc8-47ba-93bb-1ebb6c1cebd9,-1,-1,-1,-1,-1,-1,-1,-1,-1,-1,-1,-1,-1,-1,0
Gigabyte NVIDIA GeForce RTX 3060 Gaming Rev 2 OC 12GB GDDR6 PCIe 4.0 Graphics Card,011cfa4c-cddc-4468-a4fd-77803e5af8a9,-1,-1,-1,-1,-1,-1,-1,-1,-1,-1,-1,-1,-1,-1,0
Gigabyte AMD Radeon RX 6700 XT Gaming OC 12GB GDDR6 PCIe 4.0 Graphics Card,715e8a2f-163e-4beb-9b84-136a14d721ce,-1,-1,-1,-1,-1,-1,-1,-1,-1,-1,-1,-1,-1,-1,0
Gigabyte NVIDIA GeForce RTX 3090 VISION OC 24GB GDDR6X PCIe 4.0 Graphics Card,59c281cf-2402-43a3-8171-b427ee5d73d5,-1,-1,-1,-1,-1,-1,-1,-1,-1,-1,-1,-1,-1,-1,0
Gigabyte NVIDIA GeForce RTX 3080 AORUS Master OC 10GB GDDR6X PCIe 4.0 Graphics Card,fc3ab0c0-c047-467e-a8f9-265037285af8,-1,-1,-1,-1,-1,-1,-1,-1,-1,-1,-1,-1,-1,-1,0
MSI NVIDIA GeForce RTX 3080 Ventus OC 10GB GDDR6X PCIe 4.0 Graphics Card,6e25a6bc-42cc-4abc-a0b5-4bc2ee4f6342,-1,-1,-1,-1,-1,-1,-1,-1,-1,-1,-1,-1,-1,-1,0
ASUS GeForce RTX 3090 TUF Gaming OC 24GB GDDR6X PCIe 4.0 Graphics Card,023db2b7-2ed4-4d33-9c9b-9801003a2bb3,-1,-1,-1,-1,-1,-1,-1,-1,-1,-1,-1,-1,-1,-1,0
Gigabyte NVIDIA GeForce RTX 3080 Ti AORUS Master OC 12GB GDDR6X PCIe 4.0 Graphics Card,24b3e46c-7576-4517-ad92-3c90707e8c4b,-1,-1,-1,-1,-1,-1,-1,-1,-1,-1,-1,-1,-1,-1,0
ASUS GeForce RTX 3090 Strix OC 24GB GDDR6X PCIe 4.0 Graphics Card,72ea6e4b-8c7a-4927-af47-6ea3e9a58af6,-1,-1,-1,-1,-1,-1,-1,-1,-1,-1,-1,-1,-1,-1,0
ASUS GeForce GTX 1660 Super TUF OC 6GB GDDR6 PCIe 3.0 Graphics Card,191e02e0-d00d-48b4-8190-aecfcc220639,-1,-1,-1,-1,-1,-1,-1,-1,-1,-1,-1,-1,-1,-1,0
Gigabyte AMD Radeon RX 6900 XT Gaming OC 16GB GDDR6 PCIe 4.0 Graphics Card,9f99669a-6530-46f4-8e3c-ffa8454bcf57,-1,-1,-1,-1,-1,-1,-1,-1,-1,-1,-1,-1,-1,-1,0
MSI GeForce RTX 3090 Gaming X Trio 24GB GDDR6X PCIe 4.0 Graphics Card,452d2196-6dd2-4503-b4fd-bfa5c7a07e43,-1,-1,-1,-1,-1,-1,-1,-1,-1,-1,-1,-1,-1,-1,0
ASUS NVIDIA GeForce RTX 3080 ROG Strix V2 Gaming OC 10GB GDDR6X PCIe 4.0 Graphics Card,7b7ab666-8307-4a9b-bf6d-d1d49ef8dae7,-1,-1,-1,-1,-1,-1,-1,-1,-1,-1,-1,-1,-1,-1,0
Gigabyte NVIDIA GeForce RTX 3070 Ti AORUS Master OC 8GB GDDR6X PCIe 4.0 Graphics Card,3032c504-14b9-4fee-8863-900a557fd47a,-1,-1,-1,-1,-1,-1,-1,-1,-1,-1,-1,-1,-1,-1,0
EVGA GeForce RTX 3080 XC3 Ultra Gaming 10GB GDDR6X PCIe 4.0 Graphics Card,b481058c-eebf-4abd-b77a-bfaeeec6b156,-1,-1,-1,-1,-1,-1,-1,-1,-1,-1,-1,-1,-1,-1,0
MSI AMD Radeon RX 6800 XT GAMING X TRIO OC 16GB GDDR6 PCIe 4.0 Graphics Card,540985dc-9b9b-4fad-8f25-90d66b612fdb,-1,-1,-1,-1,-1,-1,-1,-1,-1,-1,-1,-1,-1,-1,0
MSI NVIDIA GeForce RTX 3060 Ti VENTUS 2X OC 8GB GDDR6 PCIe 4.0 Graphics Card,61e89ebc-79cc-4de2-b4bc-037fe81d3410,-1,-1,-1,-1,-1,-1,-1,-1,-1,-1,-1,-1,-1,-1,0
MSI GeForce GTX 1660 Super Gaming X OC PCIe 3.0 Graphics Card,34bb230c-5afe-4c01-935d-2b41ec8b024f,-1,-1,-1,-1,-1,-1,-1,-1,-1,-1,-1,-1,-1,-1,0
Gigabyte GeForce RTX 3090 Eagle OC 24GB GDDR6X PCIe 4.0 Graphics Card,314fee2b-df3a-4075-b484-72930f0ab653,-1,-1,-1,-1,-1,-1,-1,-1,-1,-1,-1,-1,-1,-1,0
Gigabyte AMD Radeon RX 6900 XT AORUS Master OC 16GB GDDR6 PCIe 4.0 Graphics Card,282fcfad-85ec-42c7-86be-ed3d24dd630c,-1,-1,-1,-1,-1,-1,-1,-1,-1,-1,-1,-1,-1,-1,0
MSI AMD Radeon RX 6900 XT Gaming X Trio 16GB GDDR6 PCIe 4.0 Graphics Card,9332c98d-cead-4eff-87fc-7a19fb0ee11e,-1,-1,-1,-1,-1,-1,-1,-1,-1,-1,-1,-1,-1,-1,0
Gigabyte GeForce RTX 3070 Gaming OC 8GB GDDR6 PCIe 4.0 Graphics Card,e900d109-de07-4a60-8ce1-6555a96653e5,-1,-1,-1,-1,-1,-1,-1,-1,-1,-1,-1,-1,-1,-1,0
Gigabyte NVIDIA GeForce RTX 3080 Ti Eagle OC 12GB GDDR6X PCIe 4.0 Graphics Card,08d0c615-c420-4985-9c51-94fe4a313813,-1,-1,-1,-1,-1,-1,-1,-1,-1,-1,-1,-1,-1,-1,0
MSI NVIDIA GeForce RTX 3060 Gaming X OC 12GB GDDR6 PCIe 4.0 Graphics Card,3cb44b35-5377-4344-b7cd-fc2fbcc13fc7,-1,-1,-1,-1,-1,-1,-1,-1,-1,-1,-1,-1,-1,-1,0
MSI NVIDIA GeForce RTX 3070 Ventus 2X OC 8GB GDDR6 PCIe 4.0 Graphics Card,c8fd117f-2a20-4c9d-a569-49df2145a5e8,-1,-1,-1,-1,-1,-1,-1,-1,-1,-1,-1,-1,-1,-1,0
MSI GeForce RTX 3070 Gaming X Trio 8GB GDDR6 PCIe 4.0 Graphics Card,e05ecefd-1cd4-4235-be7f-bc97c6de1998,-1,-1,-1,-1,-1,-1,-1,-1,-1,-1,-1,-1,-1,-1,0
MSI GeForce GTX 1660 Ti Gaming X OC 6GB GDDR6 PCIe 3.0 Graphics Card,9e1e2570-6ac7-46f7-8217-e0fa1b3b8785,-1,-1,-1,-1,-1,-1,-1,-1,-1,-1,-1,-1,-1,-1,0
MSI AMD Radeon RX 6800 GAMING X TRIO OC 16GB GDDR6 PCIe 4.0 Graphics Card,c27c07f7-f22a-44d0-a784-f871b875a221,-1,-1,-1,-1,-1,-1,-1,-1,-1,-1,-1,-1,-1,-1,0
MSI AMD Radeon RX 6700 XT MECH 2X OC 12GB GDDR6 PCIe 4.0 Graphics Card,39065793-2e17-40c3-bdb6-6ceeec89cde6,-1,-1,-1,-1,-1,-1,-1,-1,-1,-1,-1,-1,-1,-1,0
Gigabyte AMD Radeon RX 6600 XT Gaming OC 8GB GDDR6 PCIe 4.0 Graphics Card,1e8cbf51-64ff-4cb7-9283-4a6a683757fd,-1,-1,-1,-1,-1,-1,-1,-1,-1,-1,-1,-1,-1,-1,0
ASUS NVIDIA GeForce RTX 3060 TUF Gaming V2 OC 12GB GDDR6 PCIe 4.0 Graphics Card,5ba4a1ce-8a4e-4774-9e8b-bf3aab34e811,-1,-1,-1,-1,-1,-1,-1,-1,-1,-1,-1,-1,-1,-1,0
EVGA NVIDIA GeForce RTX 3060 Ti XC Gaming 8GB GDDR6 PCIe 4.0 Graphics Card,4b491804-8ee3-4f73-adc7-5c610400df8d,-1,-1,-1,-1,-1,-1,-1,-1,-1,-1,-1,-1,-1,-1,0
Gigabyte NVIDIA GeForce RTX 3060 Ti Gaming Rev 2 OC 8GB GDDR6 PCIe 4.0 Graphics Card,adbff5a6-a437-4e9f-aa99-d50df22f7ee2,-1,-1,-1,-1,-1,-1,-1,-1,-1,-1,-1,-1,-1,-1,0
MSI GeForce RTX 3070 Ventus 2X OC 8GB GDDR6 PCIe 4.0 Graphics Card,4d629223-ffc8-4d35-90e7-ba84f5f872cf,-1,-1,-1,-1,-1,-1,-1,-1,-1,-1,-1,-1,-1,-1,0
ASUS NVIDIA GeForce RTX 3080 ROG Strix V2 Gaming OC 10GB GDDR6X PCIe 4.0 Graphics Card,122973be-4b69-4670-94b7-e97520b5ce38,-1,-1,-1,-1,-1,-1,-1,-1,-1,-1,-1,-1,-1,-1,0
MSI AMD Radeon RX 6700 XT MECH 2X 12GB GDDR6 PCIe 4.0 Graphics Card,898ff394-3258-4f33-9a92-b4e0dd69ac6f,-1,-1,-1,-1,-1,-1,-1,-1,-1,-1,-1,-1,-1,-1,0
MSI NVIDIA GeForce RTX 3080 Ti Ventus 3X OC 12GB GDDR6X PCIe 4.0 Graphics Card,5642fb25-f2f0-4d24-87ab-663c642f496f,-1,-1,-1,-1,-1,-1,-1,-1,-1,-1,-1,-1,-1,-1,0
PNY XLR8 Gaming Single Fan NVIDIA GeForce GTX 1660 SUPER Overclocked Edition 6GB GDDR6 PCIe 3.0 Graphics Card ,67be3cf5-c2d2-464f-8840-bb6e07c80ac9,-1,-1,-1,-1,-1,-1,-1,-1,-1,-1,-1,-1,-1,-1,0
NVIDIA GeForce Founder Edition RTX 3060 Ti 8GB GDDR6 PCIe 4.0 Graphics Card ,efe34dde-be68-4963-a6d0-a3f2c1cc2198,-1,-1,-1,-1,-1,-1,-1,-1,-1,-1,-1,-1,-1,-1,0
XFX SPEEDSTER QICK308 AMD Radeon RX 6600 XT 8GB GDDR6 PCIe 4.0 Gaming Graphics Card ,c0f3a286-401e-4678-938c-8b1842fc0741,-1,-1,-1,-1,-1,-1,-1,-1,-1,-1,-1,-1,-1,-1,0
NVIDIA GeForce Founder Edition RTX 3080 10GB GDDR6X PCIe 4.0 Graphics Card ,10468c4d-8957-45cf-b254-b9fb4c5b1e54,-1,-1,-1,-1,-1,-1,-1,-1,-1,-1,-1,-1,-1,-1,0
NVIDIA GeForce Founder Edition RTX 3080 Ti 12GB GDDR6X PCIe 4.0 Graphics Card ,a78ddfa3-7ea5-4b54-a1f9-e4ed27d2e26a,-1,-1,-1,-1,-1,-1,-1,-1,-1,-1,-1,-1,-1,-1,0
MSI NVIDIA Geforce RTX 3060TI VENTUS3X 8G OC 8GB GDDR6 PCIe 4.0 Graphic Card ,92ff5762-3e9d-4ee5-b948-fa646559a6a2,-1,-1,-1,-1,-1,-1,-1,-1,-1,-1,-1,-1,-1,-1,0
MSI NVIDIA Geforce RTX 3060 Ti VENTUS 2X 8G OCV1 8GB GDDR6 PCIe 4.0 Graphics Card ,ed959ad4-ceaa-43f7-b8f5-0854f5b4687e,-1,-1,-1,-1,-1,-1,-1,-1,-1,-1,-1,-1,-1,-1,0
GIGABYTE NVIDIA GeForce RTX 3060 Ti EAGLE OC 8G GDDR6 PCIe 4.0 Graphics Card,c72de486-5c98-454e-8bed-55a3a54cc09b,-1,-1,-1,-1,-1,-1,-1,-1,-1,-1,-1,-1,-1,-1,0
GIGABYTE NVIDIA GeForce RTX 3060 Ti AORUS EAGLE 8G GDDR6 PCIe 4.0 Graphics Card,e3b8b6fd-44cd-4b8b-b049-838f6b2cc6be,-1,-1,-1,-1,-1,-1,-1,-1,-1,-1,-1,-1,-1,-1,0
ASUS NVIDIA GeForce RTX 3080TI 12GB GDDR6 PCIe 4.0 Graphics Card ,18022997-8839-4e0c-82cd-ce6e55718bd8,-1,-1,-1,-1,-1,-1,-1,-1,-1,-1,-1,-1,-1,-1,0
NVIDIA GeForce Founder Edition RTX 3090 24GB GDDR6X PCIe 4.0 Graphics Card ,e238d9ed-555e-48d8-bfa0-4abb27ab2b2b,-1,-1,-1,-1,-1,-1,-1,-1,-1,-1,-1,-1,-1,-1,0
XFX Speedster MERC319 AMD Radeon RX 6900 XT 16GB GDDR6 PCIe 4.0 Gaming Graphics Card ,e005c9ac-98cb-4004-a463-96ea6974a181,-1,-1,-1,-1,-1,-1,-1,-1,-1,-1,-1,-1,-1,-1,0
XFX Speedster QICK319 AMD Radeon RX 6700 XT 12GB GDDR6 PCIe 4.0 Gaming Graphics Card ,3322e8a2-353c-4fb2-b908-5bd51f01d491,-1,-1,-1,-1,-1,-1,-1,-1,-1,-1,-1,-1,-1,-1,0
NVIDIA GeForce Founder Edition RTX 3070 Ti 8GB GDDR6X PCIe 4.0 Graphics Card ,73ea77e8-0e51-418c-b3bf-273f7482d0fe,-1,-1,-1,-1,-1,-1,-1,-1,-1,-1,-1,-1,-1,-1,0
PNY NVIDIA GeForce RTX 3060 12GB XLR8 Gaming REVEL EPIC X RGB Single Fan Graphics Card,8b9cf919-3559-40ef-b26b-d22973569ec2,-1,-1,-1,-1,-1,-1,-1,-1,-1,-1,-1,-1,-1,-1,0
MSI NVIDIA Geforce RTX 3080 VENTUS 3X PLUS 10G OC 10GB GDDR6X PCIe 4.0 Graphic Card ,4abc5f5f-5b0e-4dc9-99a2-f60d0e2e4594,-1,-1,-1,-1,-1,-1,-1,-1,-1,-1,-1,-1,-1,-1,0
NVIDIA GeForce Founder Edition RTX 3070 8GB GDDR6 PCIe 4.0 Graphics Card ,52c5d4f1-e686-44ae-830f-bfa3ffbc4c41,-1,-1,-1,-1,-1,-1,-1,-1,-1,-1,-1,-1,-1,-1,0
GIGABYTE NVIDIA GeForce RTX 3080 Ti VISION OC 12GB GDDR6X PCIe 4.0 Graphics Card,dc18f0ed-5c45-4c11-837f-2b4dc54afb6b,-1,-1,-1,-1,-1,-1,-1,-1,-1,-1,-1,-1,-1,-1,0
GIGABYTE NVIDIA GeForce RTX 3070TI VISION OC 8GB GDDR6X PCIe 4.0 Graphics Card ,e394d9ce-7863-47b1-9268-8def6ca8e028,-1,-1,-1,-1,-1,-1,-1,-1,-1,-1,-1,-1,-1,-1,0
PNY GeForce GT1030 2GB PCI E 3.0 Graphics Card ,76924df4-bee9-443d-85f9-c4b8e4da4525,-1,-1,-1,-1,-1,-1,-1,-1,-1,-1,-1,-1,-1,-1,0
XFX Speedster MERC319 AMD Radeon RX 6700 XT 12GB GDDR6 PCIe 4.0 Gaming Graphics Card ,4125d4da-67aa-4ed4-82b8-4a068a1d19ef,-1,-1,-1,-1,-1,-1,-1,-1,-1,-1,-1,-1,-1,-1,0
EVGA RTX 3080 XC3 ULTRA GAMING 10G P5 3885 KH PCIe 4.0 ,9f743822-0e9e-4108-a788-cdb034a4230f,-1,-1,-1,-1,-1,-1,-1,-1,-1,-1,-1,-1,-1,-1,0
PNY GeForce GT 710 2GB PCIe 2.0 Graphics Card ,dec3c747-0b42-4c53-8a37-a59aebc78942,-1,-1,-1,-1,-1,-1,-1,-1,-1,-1,-1,-1,-1,-1,0
GIGABYTE NVIDIA GeForce RTX 3060 Ti GAMING OC PRO 8G GDDR6 PCIe 4.0 Graphics Card,b9e2549e-b23e-4434-9595-0782d68f3e3e,-1,-1,-1,-1,-1,-1,-1,-1,-1,-1,-1,-1,-1,-1,0
ASUS TUF RTX3060TI V2 8GB GDDR6 PCIe 4.0 Graphics Card,5c735f44-713f-4c07-baaa-512eb8308676,-1,-1,-1,-1,-1,-1,-1,-1,-1,-1,-1,-1,-1,-1,0
PNY GeForce GT 730 2GB DDR3 Single Fan Graphics Card,f4953b5b-2e65-4716-841d-c7ae7fc3c55d,-1,-1,-1,-1,-1,-1,-1,-1,-1,-1,-1,-1,-1,-1,0
ASUS NVIDIA GeForce TUF RTX3070 V2 8GB GDDR6 PCIe 4.0 Graphics Card ,d57254a4-c2b5-4b63-b5d3-cb54e9c20170,-1,-1,-1,-1,-1,-1,-1,-1,-1,-1,-1,-1,-1,-1,0
GIGABYTE NVIDIA GeForce RTX 3080 GAMING OC 10GB GDDR6X PCIe 4.0 Graphics Card,42ad9415-8e50-4ff0-81ec-afeba501caf4,-1,-1,-1,-1,-1,-1,-1,-1,-1,-1,-1,-1,-1,-1,0
EVGA GeForce RTX 3090 XC3 ULTRA GAMING 24GB GDDR6 PCIe 4.0 Graphics Card,81f39c7e-e527-4449-a96c-36cb6b3c1119,-1,-1,-1,-1,-1,-1,-1,-1,-1,-1,-1,-1,-1,-1,0
ASUS TUF RTX3070TI 8GB GDDR6X PCIe 4.0 Graphics Card ,e16b1bf2-3aef-4c47-b708-6047c40b6539,-1,-1,-1,-1,-1,-1,-1,-1,-1,-1,-1,-1,-1,-1,0
GIGABYTE NVIDIA GeForce RTX 3070TI EAGLE 8GB GDDR6X PCIe 4.0 Graphics Card ,965cc723-e3a3-4459-a2f1-90a03fd22a46,-1,-1,-1,-1,-1,-1,-1,-1,-1,-1,-1,-1,-1,-1,0
MSI NVIDIA Geforce RTX 3070 VENTUS 2X 8G OC 8GB GDDR6 PCIe 4.0 Graphic Card ,a66ac326-014a-49e9-a884-7d6b1b38ab3b,-1,-1,-1,-1,-1,-1,-1,-1,-1,-1,-1,-1,-1,-1,0
ASUS TUF RTX3080TI 12GB GDDR6 PCIe 4.0 Graphics Card ,bd36a939-82e6-4728-8923-b1111f03052c,-1,-1,-1,-1,-1,-1,-1,-1,-1,-1,-1,-1,-1,-1,0
MSI NVIDIA Geforce RTX 3080 Ti Gaming X Trio 12GB GDDR6X PCIe 4.0 Graphic Card,03af4909-9083-4e0d-81e9-e8f3d463d060,-1,-1,-1,-1,-1,-1,-1,-1,-1,-1,-1,-1,-1,-1,0
XFX SPEEDSTER MERC308 AMD Radeon RX 6600 XT 8GB GDDR6 PCIe 4.0 Gaming Graphics Card ,9baccd46-ed23-4107-9ef5-ba3136a6e1d6,-1,-1,-1,-1,-1,-1,-1,-1,-1,-1,-1,-1,-1,-1,0
GIGABYTE NVIDIA GeForce RTX 3080 VISION OC 10GB GDDR6X PCIe 4.0 Graphics Card,4e7632c8-8a27-41c0-ad25-d40723c20379,-1,-1,-1,-1,-1,-1,-1,-1,-1,-1,-1,-1,-1,-1,0
ASUS NVIDIA GeForce RTX 3070TI 8GB GDDR6X PCIe 4.0 Graphics Card ,87b85bc3-5a92-4755-a628-86668562a22d,-1,-1,-1,-1,-1,-1,-1,-1,-1,-1,-1,-1,-1,-1,0
ASUS TUF Gaming NVIDIA® GeForce RTX™ 3060 12GB GDDR6 PCIe 4.0 Graphics Card ,3544aac4-1bb6-4de2-8749-6cb74ec9d9ba,-1,-1,-1,-1,-1,-1,-1,-1,-1,-1,-1,-1,-1,-1,0
XFX SPEEDSTER SWFT210 AMD Radeon RX 6600 XT 8GB GDDR6 PCIe 4.0 Gaming Graphics Card ,742dd328-913e-4f6b-805a-a852967439a8,-1,-1,-1,-1,-1,-1,-1,-1,-1,-1,-1,-1,-1,-1,0
EVGA SUPER SC ULTRA GAMING NVIDIA GeForce GTX 1650 SUPER 4GB GDDR6 PCIe 3.0 Graphics Card ,d88fa60c-7a7e-4515-a005-2ae330ebee68,-1,-1,-1,-1,-1,-1,-1,-1,-1,-1,-1,-1,-1,-1,0
EVGA GeForce RTX 3070 XC3 ULTRA GAMING 8GB GDDR6 PCIe 4.0 Graphics Card,f7d7c0fd-5c78-4955-88ff-5477aa86f427,-1,-1,-1,-1,-1,-1,-1,-1,-1,-1,-1,-1,-1,-1,0
GIGABYTE NVIDIA GeForce GTX 1650 4GB GDDR5 PCIe 3.0 Graphics Card ,e277507c-ea24-4078-9c1e-0d7bdc5f6e2d,-1,-1,-1,-1,-1,-1,-1,-1,-1,-1,-1,-1,-1,-1,0
MSI AMD Radeon RX 5500 XT 8GB GDDR6 PCIe 4.0 Graphics Card ,a786f1af-195f-4459-9708-92bf3da8cfbe,-1,-1,-1,-1,-1,-1,-1,-1,-1,-1,-1,-1,-1,-1,0
NVIDIA GeForce Founder Edition RTX NVLINK BRIDGE for 3090 Cards Space Gray,e0901fc4-fe6d-486d-b0e4-a6b9e914f47f,-1,-1,-1,-1,-1,-1,-1,-1,-1,-1,-1,-1,-1,-1,0
XFX AMD Radeon RX 6700 XT 12GB GDDR6 PCIe 4.0 Gaming Graphics Card Gray/,c464aef0-a907-4a6e-b69e-3cdd243bd226,-1,-1,-1,-1,-1,-1,-1,-1,-1,-1,-1,-1,-1,-1,0
GIGABYTE NVIDIA GeForce GTX 1660 SUPER OC Edition 6GB GDDR6 PCIe 3.0 Graphics Card ,482aeb2a-b840-4218-9cec-71b5cc3d5d38,-1,-1,-1,-1,-1,-1,-1,-1,-1,-1,-1,-1,-1,-1,0
ASUS TUF RTX3060TI 8GB GDDR6 PCIe 4.0 Graphics Card,2d8091f5-1323-4a27-aa24-bc5ff87f23ea,-1,-1,-1,-1,-1,-1,-1,-1,-1,-1,-1,-1,-1,-1,0
GIGABYTE NVIDIA GeForce GT 1030 2GB GDDR5 PCIe 3.0 Graphics Card ,121884b6-b819-4c4a-ac03-b1d43b250998,-1,-1,-1,-1,-1,-1,-1,-1,-1,-1,-1,-1,-1,-1,0
GIGABYTE NVIDIA GeForce GTX 1650 SUPER OC Edition 4GB GDDR6 PCIe 3.0 Graphics Card ,84fca766-45a5-4340-8d2a-c4b1c621cf78,-1,-1,-1,-1,-1,-1,-1,-1,-1,-1,-1,-1,-1,-1,0
GIGABYTE NVIDIA GeForce RTX 3070 EAGLE 8GB GDDR6 PCIe 4.0 Graphics Card,7071a6f5-e7b6-4864-9e04-07928a6fdd1b,-1,-1,-1,-1,-1,-1,-1,-1,-1,-1,-1,-1,-1,-1,0
PNY NVIDIA GeForce GTX 1060 6GB GDDR5 PCIe 3.0 Graphics Card ,2dfd46cf-a49b-44e1-89c6-309942788570,-1,-1,-1,-1,-1,-1,-1,-1,-1,-1,-1,-1,-1,-1,0
GIGABYTE NVIDIA GeForce GTX 1660 Ti 6GB GDDR6 PCIe 3.0 Graphics Card ,0cf683fe-8f4f-41dc-8406-04522cf0abd2,-1,-1,-1,-1,-1,-1,-1,-1,-1,-1,-1,-1,-1,-1,0
MSI NVIDIA GeForce GTX 1650 SUPER 4GB GDDR6 PCIe 3.0 Graphics Card ,91cbfa1b-be6b-479c-bcc8-6ac810948ece,-1,-1,-1,-1,-1,-1,-1,-1,-1,-1,-1,-1,-1,-1,0
MSI NVIDIA Geforce RTX 3080 VENTUS 3X 10G OC BV GDDR6X PCIe 4.0 Graphic Card ,667bbc37-a75b-4eb3-88cb-94a406b84764,-1,-1,-1,-1,-1,-1,-1,-1,-1,-1,-1,-1,-1,-1,0
ASUS NVIDIA GeForce ROG STRIX RTX3070 V2 8GB GDDR6 PCIe 4.0 Graphics Card ,39cdd677-2d51-4e78-984a-2cdc6bb3c174,-1,-1,-1,-1,-1,-1,-1,-1,-1,-1,-1,-1,-1,-1,0
PNY GeForce RTX 3080 Ti 12GB XLR8 Gaming REVEL EPIC X RGB Triple Fan Graphics Card,0e7d8eb6-88fc-4237-ad7b-873969faad2f,-1,-1,-1,-1,-1,-1,-1,-1,-1,-1,-1,-1,-1,-1,0
GIGABYTE NVIDIA GeForce RTX 3070 EAGLE OC 8GB GDDR6 PCIe 4.0 Graphics Card,e6a76279-d921-4ed2-909b-48415f3b187d,-1,-1,-1,-1,-1,-1,-1,-1,-1,-1,-1,-1,-1,-1,0
GIGABYTE NVIDIA GeForce RTX 3060 GAMING OC 12GB GDDR6 PCIe 4.0 Graphics Card,694f6498-be13-48e3-8e8a-5e60e890d56d,-1,-1,-1,-1,-1,-1,-1,-1,-1,-1,-1,-1,-1,-1,0
GIGABYTE NVIDIA GeForce RTX 3060 EAGLE OC 12GB GDDR6 PCIe 4.0 Graphics Card,247604ac-ed8a-4094-9ff7-6819d69b65dd,-1,-1,-1,-1,-1,-1,-1,-1,-1,-1,-1,-1,-1,-1,0
GIGABYTE AMD Radeon RX 6800 XT AORUS MASTER 16GB GDDR6 PCIe 4.0 Graphics Card,bb80bf34-3379-4c11-a6d5-fd026d04a6d8,-1,-1,-1,-1,-1,-1,-1,-1,-1,-1,-1,-1,-1,-1,0
MSI AMD Radeon RX 6900 XT 16G GDDR6 PCIe 4.0 Graphics Card ,6159b137-67c6-4907-8ce0-866852e315c3,-1,-1,-1,-1,-1,-1,-1,-1,-1,-1,-1,-1,-1,-1,0
ASUS NVIDIA GeForce TUF RTX3070 8GB GDDR6 PCIe 4.0 Graphics Card ,44637e77-d48c-4f78-91e5-e9161d1db252,-1,-1,-1,-1,-1,-1,-1,-1,-1,-1,-1,-1,-1,-1,0
GIGABYTE NVIDIA GeForce RTX 3070 VISION OC 8GB GDDR6 PCIe 4.0 Graphics Card,ae2b0141-b1c2-4e5d-a654-460ea388738c,-1,-1,-1,-1,-1,-1,-1,-1,-1,-1,-1,-1,-1,-1,0
XFX AMD Radeon™ RX 6800XT 16GB GDDR6 PCIe 4.0 Gaming Graphics Card ,8614c5de-95b5-4aa1-b07d-a17032cd5599,-1,-1,-1,-1,-1,-1,-1,-1,-1,-1,-1,-1,-1,-1,0
GIGABYTE AMD Radeon RX 6900 XT 16G GAMING OC GDDR6 PCIe 4.0 Graphics Card ,b5cf595e-5931-4edf-9b8b-dade76852c2c,-1,-1,-1,-1,-1,-1,-1,-1,-1,-1,-1,-1,-1,-1,0
ASUS NVIDIA GeForce ROG STRIX RTX3070 8GB GDDR6 PCIe 4.0 Graphics Card ,644f2aa5-ff5e-47b4-b656-e03524ba2aa4,-1,-1,-1,-1,-1,-1,-1,-1,-1,-1,-1,-1,-1,-1,0
MSI AMD Radeon RX 6800 16G 16GB GDDR6 PCIe 4.0 Graphics Card ,1bd20b0c-733c-4a63-ae51-c37c609d76f2,-1,-1,-1,-1,-1,-1,-1,-1,-1,-1,-1,-1,-1,-1,0
GIGABYTE NVIDIA GeForce RTX 3090 AORUS MASTER 24GB GDDR6X PCIe 4.0 Graphics Card,5adf9830-24fb-4282-8a74-14cc057010c5,-1,-1,-1,-1,-1,-1,-1,-1,-1,-1,-1,-1,-1,-1,0
MSI AMD Radeon RX 6800 XT 16G 16GB GDDR6 PCIe 4.0 Graphics Card ,fb6723d6-8b7e-4dc3-8005-b03851073c3c,-1,-1,-1,-1,-1,-1,-1,-1,-1,-1,-1,-1,-1,-1,0
MSI AMD Radeon RX 5600 XT MECH OC 6GB GDDR6 PCIe 4.0 Graphics card ,c1ccd1be-9592-419e-bc3f-0028b712b2c8,-1,-1,-1,-1,-1,-1,-1,-1,-1,-1,-1,-1,-1,-1,0
GIGABYTE NVIDIA GeForce GTX 1660 OC Edition 6GB GDDR5 PCIe 3.0 Graphics Card ,7a2b13fe-15e3-4326-a824-b36b781c76e2,-1,-1,-1,-1,-1,-1,-1,-1,-1,-1,-1,-1,-1,-1,0
XFX Speedster QICK 319 AMD Radeon RX 6800 16GB GDDR6 PCIe 4.0 Gaming Graphics Card ,72f71851-0e86-4a32-8bf9-b2ef919a08ff,-1,-1,-1,-1,-1,-1,-1,-1,-1,-1,-1,-1,-1,-1,0
GIGABYTE NVIDIA GeForce RTX 3060 Ti EAGLE OC 8G GDDR6 PCIe 4.0 Graphics Card ,18f44d8e-25ee-45ae-ac85-2e72eaace9bb,-1,-1,-1,-1,-1,-1,-1,-1,-1,-1,-1,-1,-1,-1,0
XFX Merc 319 AMD Radeon™ RX 6800XT 16GB GDDR6 PCIe 4.0 Gaming Graphics Card ,cc639917-20b9-4963-b9ef-2f6d0f006143,-1,-1,-1,-1,-1,-1,-1,-1,-1,-1,-1,-1,-1,-1,0
XFX Speedster MERC319 AMD Radeon™ RX 6800 16GB GDDR6 PCIe 4.0 Gaming Graphics Card ,775c4aaa-9e71-45b1-9b93-6f8bec6da59e,-1,-1,-1,-1,-1,-1,-1,-1,-1,-1,-1,-1,-1,-1,0
MSI MECH OC AMD Radeon RX 5700 XT 8GB GDDR6 PCIe 4.0 Graphics Card ,b406457a-3dd8-4893-8487-3ec2325cdc53,-1,-1,-1,-1,-1,-1,-1,-1,-1,-1,-1,-1,-1,-1,0
XFX AMD Radeon RX 570 RS Edition 8GB GDDR5 PCIe 3.0 Graphics Card /Red,b5469163-3bd0-437e-befb-259eedd02d23,-1,-1,-1,-1,-1,-1,-1,-1,-1,-1,-1,-1,-1,-1,0
MSI NVIDIA Geforce RTX 3060ti Gaming Z 8G 8GB GDDR6 PCIe 4.0 Graphics Card ,c4ae63ca-72f7-412c-9b14-318de3d8bf13,-1,-1,-1,-1,-1,-1,-1,-1,-1,-1,-1,-1,-1,-1,0
XFX AMD Radeon RX 5600 XT RAW II PRO 6GB GDDR6 PCIe 4.0 Graphics Card,e9319ec6-d7f2-4d21-831b-6bc86e2aafb8,-1,-1,-1,-1,-1,-1,-1,-1,-1,-1,-1,-1,-1,-1,0
XFX Speedster SWFT309 AMD Radeon RX 6700 XT 12GB GDDR6 PCIe 4.0 Gaming Graphics Card ,68425c63-a3a1-45c5-b09e-432b46dc9ade,-1,-1,-1,-1,-1,-1,-1,-1,-1,-1,-1,-1,-1,-1,0
XFX AMD Radeon RX 580 GTS Edition 8GB GDDR5 PCIe 3.0 Graphics Card ,d048547e-2f01-40ea-8526-28ab9f43093a,-1,-1,-1,-1,-1,-1,-1,-1,-1,-1,-1,-1,-1,-1,0
XFX THICC II Pro AMD Radeon RX 5500 XT 8GB GDDR6 PCIe 4.0 Graphics Card ,227ec984-2682-49a4-a51e-2a1ff53c48a4,-1,-1,-1,-1,-1,-1,-1,-1,-1,-1,-1,-1,-1,-1,0
XFX Speedster MERC319 AMD Radeon RX 6800 XT CORE 16GB GDDR6 PCIe 4.0 Gaming Graphics Card ,0d0da157-c7cb-4865-bab9-f28f3c7742f3,-1,-1,-1,-1,-1,-1,-1,-1,-1,-1,-1,-1,-1,-1,0
XFX Speedster MERC319 AMD Radeon RX 6900 XT Ultra 16GB GDDR6 PCIe 4.0 Gaming Graphics Card ,b53d3e71-a46f-4236-8c4e-4f6804cdb7c3,-1,-1,-1,-1,-1,-1,-1,-1,-1,-1,-1,-1,-1,-1,0
XFX Speedster SWFT 319 AMD Radeon RX 6900 XT 16GB GDDR6 PCIe 4.0 Gaming Graphics Card ,4fedc217-6712-46e8-9389-7369a05abf21,-1,-1,-1,-1,-1,-1,-1,-1,-1,-1,-1,-1,-1,-1,0
GIGABYTE NVIDIA GeForce RTX 3070TI EAGLE OC 8GB GDDR6X PCIe 4.0 Graphics Card ,be44ef70-2661-49ea-9ad4-00000297c89d,-1,-1,-1,-1,-1,-1,-1,-1,-1,-1,-1,-1,-1,-1,0
EVGA SC ULTRA GAMING NVIDIA GeForce GTX 1660 Ti 6GB GDDR6 PCIe 3.0 Graphics Card ,0e2733ca-eec0-4309-830c-f563fb6ce8e8,-1,-1,-1,-1,-1,-1,-1,-1,-1,-1,-1,-1,-1,-1,0
GIGABYTE NVIDIA GeForce RTX 3080 AORUS MASTER 10GB (Rev 2.0) GDDR6X PCIe 4.0 Graphics Card,cb27752d-4a5d-45e7-ab21-7f7287860a60,-1,-1,-1,-1,-1,-1,-1,-1,-1,-1,-1,-1,-1,-1,0
XFX AMD Radeon RX 5700 XT RAW II 8GB GDDR6 PCIe 4.0 Graphics Card with Zero dB ,afdf5e64-c563-4cd2-951e-08be2a68036a,-1,-1,-1,-1,-1,-1,-1,-1,-1,-1,-1,-1,-1,-1,0
PNY XLR8 Gaming Single Fan NVIDIA GeForce GTX 1650 SUPER Overclocked Edition 4GB GDDR6 PCIe 3.0 Graphics Card ,18053c44-e012-4eec-bd2e-d09aa311cd45,-1,-1,-1,-1,-1,-1,-1,-1,-1,-1,-1,-1,-1,-1,0
EVGA GeForce RTX 2080 XC GAMING 8GB GDDR6 PCIe 3.0 Graphics Card with Dual HDB Fans &amp RGB LED,fcf3f403-1d7c-4ca7-806b-e1e1fd228c26,-1,-1,-1,-1,-1,-1,-1,-1,-1,-1,-1,-1,-1,-1,0
Package XFX AMD Radeon RX 5600 XT RAW II PRO 6GB GDDR6 PCIe 4.0 Graphics Card and Valve Steam Wallet 50 Gift Card Multi,b32f3977-732f-4f7a-96e7-143efab13e0d,-1,-1,-1,-1,-1,-1,-1,-1,-1,-1,-1,-1,-1,-1,0
ASUS NVIDIA GeForce RTX 3060 Ti V2 Mini OC 8GB GDDR6 PCIe 4.0 Graphics Card,c9d7e5c1-4bdf-4d41-8198-9e52e71cc61e,-1,-1,-1,-1,-1,-1,-1,-1,-1,-1,-1,-1,-1,-1,0
Zotac NVIDIA GeForce RTX 3080 Ti AMP Holo 12GB GDDR6X PCIe 4.0 Graphics Card,a262bde6-0c27-440a-8425-c3fc9b888bd1,-1,-1,-1,-1,-1,-1,-1,-1,-1,-1,-1,-1,-1,-1,0
ASUS NVIDIA GeForce RTX 3060 Ti ROG Strix OC 8GB GDDR6 PCIe 4.0 Graphics Card,dd4df5ff-9578-4312-95dd-839262d12baf,-1,-1,-1,-1,-1,-1,-1,-1,-1,-1,-1,-1,-1,-1,0
ASUS NVIDIA GeForce RTX 3090 ROG Strix OC 24GB GDDR6X PCIe 4.0 Graphics Card,dbd45899-3bba-4aa1-a662-6be093519065,-1,-1,-1,-1,-1,-1,-1,-1,-1,-1,-1,-1,-1,-1,0
EVGA GeForce RTX 3090 FTW3 Ultra 24GB GDDR6X PCIe 4.0 Graphics Card,b6b56db1-9bc3-4db3-b5d7-c4af7a3cc2bb,-1,-1,-1,-1,-1,-1,-1,-1,-1,-1,-1,-1,-1,-1,0
ASUS NVIDIA GeForce RTX 3080 Ti ROG Strix LC OC Hybrid Cooled 12GB GDDR6 PCIe 4.0 Graphics Card,1faa594e-be99-4131-8a17-3f327c22973f,-1,-1,-1,-1,-1,-1,-1,-1,-1,-1,-1,-1,-1,-1,0
ASUS NVIDIA GeForce RTX 3070 ROG Strix V2 OC 8GB GDDR6 PCIe 4.0 Graphics Card,bbe28e0b-b659-4532-a5ad-3746e28acc9e,-1,-1,-1,-1,-1,-1,-1,-1,-1,-1,-1,-1,-1,-1,0
PowerColor AMD Radeon RX 6700 XT Red Devil 12GB GDDR6 PCIe 4.0 Graphics Card,664e0e0a-85b7-4d44-9969-63b7e241e439,-1,-1,-1,-1,-1,-1,-1,-1,-1,-1,-1,-1,-1,-1,0
EVGA NVIDIA GeForce RTX 3070 Ti FTW3 Ultra Gaming 8GB GDDR6X PCIe 4.0 Graphics Card,5d7d7b26-d49e-455f-b94f-178b5511f76d,-1,-1,-1,-1,-1,-1,-1,-1,-1,-1,-1,-1,-1,-1,0
Gigabyte NVIDIA GeForce RTX 3080 Xtreme OC 10GB GDDR6X PCIe 4.0 Graphics Card,31d6d01b-a6ba-49c0-bbf0-36aeb7f1ecb3,-1,-1,-1,-1,-1,-1,-1,-1,-1,-1,-1,-1,-1,-1,0
ASUS NVIDIA GeForce RTX 3070 Ti ROG Strix OC 8GB GDDR6X PCIe 4.0 Graphics Card,35712d9b-61a0-43c4-b281-a09cf3ab6d3c,-1,-1,-1,-1,-1,-1,-1,-1,-1,-1,-1,-1,-1,-1,0
ASUS NVIDIA GeForce RTX 3060 Ti KO OC 8GB GDDR6 PCIe 4.0 Graphics Card,8549d88a-e9d0-43f6-90ad-13f36624dbff,-1,-1,-1,-1,-1,-1,-1,-1,-1,-1,-1,-1,-1,-1,0
PowerColor AMD Radeon 6800 XT Red Devil OC 16GB GDDR6 PCIe 4.0 Graphics Card,9be8163b-9ccb-42d9-9e3e-ce6ae359927d,-1,-1,-1,-1,-1,-1,-1,-1,-1,-1,-1,-1,-1,-1,0
ASUS GeForce RTX 2060 Dual OC 6GB GDDR6 PCIe 3.0 Graphics Card,de5d5f14-5a55-4edc-a8cf-cf3d3b3ad2fb,-1,-1,-1,-1,-1,-1,-1,-1,-1,-1,-1,-1,-1,-1,0
ASUS AMD Radeon RX 6700 XT TUF OC 12GB GDDR6 PCIe 4.0 Graphics Card,87643409-9f6a-4bb4-8b6c-6bbe6ecdbb77,-1,-1,-1,-1,-1,-1,-1,-1,-1,-1,-1,-1,-1,-1,0
ASUS Radeon RX 6800 XT TUF Gaming OC 16GB GDDR6 PCIe 4.0 Graphics Card,145f175e-cc45-4bed-9b48-f124d328e9ca,-1,-1,-1,-1,-1,-1,-1,-1,-1,-1,-1,-1,-1,-1,0
PowerColor AMD Radeon RX 6700 XT Fighter 12GB GDDR6 PCIe 4.0 Graphics Card,413f139d-317a-4268-ae5b-6df845d9c369,-1,-1,-1,-1,-1,-1,-1,-1,-1,-1,-1,-1,-1,-1,0
MSI GeForce GTX 1650 Ventus XS OC 4GB GDDR5 PCIe 3.0 Graphics Card,a9bab72a-fb09-405c-8fec-42c8ac75e5e4,-1,-1,-1,-1,-1,-1,-1,-1,-1,-1,-1,-1,-1,-1,0
ASUS NVIDIA GeForce RTX 3070 Dual OC 8GB GDDR6 PCIe 4.0 Graphics Card,ad276969-ae8b-4bb9-bf2d-1afde39d211b,-1,-1,-1,-1,-1,-1,-1,-1,-1,-1,-1,-1,-1,-1,0
ASUS AMD Radeon RX 6600 XT Dual OC 8GB GDDR6 PCIe 4.0 Graphics Card,1a0d55b2-75a1-4bbe-aa95-91024d0b7ac5,-1,-1,-1,-1,-1,-1,-1,-1,-1,-1,-1,-1,-1,-1,0
PowerColor AMD Radeon RX 6900 XT Red Devil OC 16GB GDDR6 PCIe 4.0 Graphics Card,af4952b6-34f9-4917-b149-ddc0978d6230,-1,-1,-1,-1,-1,-1,-1,-1,-1,-1,-1,-1,-1,-1,0
Sapphire Technology AMD Radeon RX 6700 XT Pulse OC 12GB GDDR6 PCIe 4.0 Graphics Card,fe9514d6-2481-4b48-a900-f4990b59f651,-1,-1,-1,-1,-1,-1,-1,-1,-1,-1,-1,-1,-1,-1,0
Zotac NVIDIA GeForce GTX 1660 Twin Fan 6GB GDDR5 PCIe 3.0 Graphics Card,70daa65a-b450-4c3d-a23f-e820c8ed3601,-1,-1,-1,-1,-1,-1,-1,-1,-1,-1,-1,-1,-1,-1,0
PowerColor AMD Radeon RX 6900 XT Ultimate Red Devil OC 16GB GDDR6 PCIe 4.0 Graphics Card,c3cb8d3d-fded-4d1d-85a4-9ddf20730af9,-1,-1,-1,-1,-1,-1,-1,-1,-1,-1,-1,-1,-1,-1,0
ASUS NVIDIA GeForce RTX 3070 TUF Gaming V2 OC 8GB GDDR6 PCIe 4.0 Graphics Card,a6def6f3-ee36-4029-8b07-a72652435b6a,-1,-1,-1,-1,-1,-1,-1,-1,-1,-1,-1,-1,-1,-1,0
Sapphire Technology AMD Radeon RX 6600 XT Nitro Plus OC 8GB GDDR6 PCIe 4.0 Graphics Card,c4b94cb9-4196-44f9-abe3-afcfde47dfdf,-1,-1,-1,-1,-1,-1,-1,-1,-1,-1,-1,-1,-1,-1,0
Sapphire Technology AMD Radeon RX 6600 XT Pulse OC 8GB GDDR6 PCIe 4.0 Graphics Card,4ff90039-47d7-4b50-8ba0-02166e7918e2,-1,-1,-1,-1,-1,-1,-1,-1,-1,-1,-1,-1,-1,-1,0
ASUS GeForce GTX 1650 TUF Gaming OC 4GB GDDR6 PCIe 3.0 Graphics Card,393cdf8f-8e2a-4154-8ccc-4883b94a338b,-1,-1,-1,-1,-1,-1,-1,-1,-1,-1,-1,-1,-1,-1,0
ASUS NVIDIA GeForce RTX 3070 ROG Strix V2 OC 8GB GDDR6 PCIe 4.0 Graphics Card,25a38022-0f35-454e-9f6d-623cd248920b,-1,-1,-1,-1,-1,-1,-1,-1,-1,-1,-1,-1,-1,-1,0
MSI GeForce RTX 3090 SUPRIM X OC 24GB GDDR6X PCIe 4.0 Graphics Card,d4fcfa42-4eab-468c-a06f-2f79d22373b7,-1,-1,-1,-1,-1,-1,-1,-1,-1,-1,-1,-1,-1,-1,0
ASUS NVIDIA GeForce RTX 3070 KO V2 OC 8GB GDDR6 PCIe 4.0 Graphics Card,20e99032-c794-4abf-949a-414518796cc9,-1,-1,-1,-1,-1,-1,-1,-1,-1,-1,-1,-1,-1,-1,0
PNY 4ro P2200 5GB GDDR5X PCIe 3.0 Graphics Card,d3b09307-80b8-4b3c-afba-a23d5f5df2bd,-1,-1,-1,-1,-1,-1,-1,-1,-1,-1,-1,-1,-1,-1,0
ASUS NVIDIA GeForce RTX 3080 Ti ROG Strix OC 12GB GDDR6X PCIe 4.0 Graphics Card,5bd8fcc6-a2cf-42ec-af41-7225b51b7f9c,-1,-1,-1,-1,-1,-1,-1,-1,-1,-1,-1,-1,-1,-1,0
ASUS NVIDIA GeForce GTX 1660 Phoenix OC 6GB GDDR5 PCIe 3.0 Graphics Card,2fb2b839-a3d0-43bd-9e44-87295b825364,-1,-1,-1,-1,-1,-1,-1,-1,-1,-1,-1,-1,-1,-1,0
MSI NVIDIA GeForce GTX 1050 Ti OC 4GB GDDR5 PCIe 3.0 Graphics Card,219d0424-0384-4f9d-8c3d-b1fbd2b874fd,-1,-1,-1,-1,-1,-1,-1,-1,-1,-1,-1,-1,-1,-1,0
ASUS GeForce GTX 1650 SUPER TUF GAMING OC 4GB GDDR6 PCIe 3.0 Graphics Card,80b811c2-bde4-4b3a-bc8c-ebdddfae17cf,-1,-1,-1,-1,-1,-1,-1,-1,-1,-1,-1,-1,-1,-1,0
Sapphire Technology AMD Radeon RX 6900 XT Nitro OC 16GB GDDR6 PCIe 4.0 Graphics Card,989b8061-cc81-4769-a683-e69720fd63bb,-1,-1,-1,-1,-1,-1,-1,-1,-1,-1,-1,-1,-1,-1,0
ASRock AMD Radeon RX 6700 XT Challenger D OC 12GB GDDR6 PCIe 4.0 Graphics Card,3e7add53-1334-4883-a0b4-a9914f56cda6,-1,-1,-1,-1,-1,-1,-1,-1,-1,-1,-1,-1,-1,-1,0
PNY 4ro P1000 V2 4GB GDDR5 PCIe 3.0 Graphics Card,a3bd702a-4f72-429c-b7bc-3f4bfb8a5922,-1,-1,-1,-1,-1,-1,-1,-1,-1,-1,-1,-1,-1,-1,0
PNY 4ro RTX 4000 8GB GDDR6 PCIe 3.0 Graphics Card,f1b531e2-3967-4ea6-abf2-c1674e4a39a1,-1,-1,-1,-1,-1,-1,-1,-1,-1,-1,-1,-1,-1,-1,0
ASUS NVIDIA GeForce RTX 3080 Ti TUF OC 12GB GDDR6X PCIe 4.0 Graphics Card,d6f7ff6a-290c-4ebd-9b2a-2ac6aa6d1942,-1,-1,-1,-1,-1,-1,-1,-1,-1,-1,-1,-1,-1,-1,0
ASUS NVIDIA GTX 1650 Dual OC 4GB GDDR6 PCIe 3.0 Graphics Card,3fe53c37-802d-478e-b003-78883f5f4fff,-1,-1,-1,-1,-1,-1,-1,-1,-1,-1,-1,-1,-1,-1,0
PowerColor AMD Radeon RX 6800 Red Dragon OC 16GB GDDR6 PCIe 4.0 Graphics Card,55e037d3-a97b-4c08-af59-b87e9fb853e3,-1,-1,-1,-1,-1,-1,-1,-1,-1,-1,-1,-1,-1,-1,0
PNY 4ro P620 V2 2GB GDDR5 PCIe 3.0 Graphics Card,8bac98b7-f873-4789-b1cd-3a8898498894,-1,-1,-1,-1,-1,-1,-1,-1,-1,-1,-1,-1,-1,-1,0
MSI GAMING X GeForce GTX 1050 Ti OC 4GB GDDR5 PCIe Video Card,9ac334b3-f98b-47fc-8e67-dd2d353b1351,-1,-1,-1,-1,-1,-1,-1,-1,-1,-1,-1,-1,-1,-1,0
PNY 4ro RTX 5000 16GB GDDR6 PCIe 3.0 Graphics Card,54da7310-891b-4b80-b8ec-cafad3a08006,-1,-1,-1,-1,-1,-1,-1,-1,-1,-1,-1,-1,-1,-1,0
ASRock AMD Radeon RX 6900 XT Formula OC 16GB GDDR6 PCIe 4.0 Graphics Card,b147e1f5-69ba-4f42-ae93-f225a103d432,-1,-1,-1,-1,-1,-1,-1,-1,-1,-1,-1,-1,-1,-1,0
PowerColor AMD Radeon RX 6900 XT Liquid Devil Ultimate OC Liquid Cooled 16GB GDDR6 PCIe 4.0 Graphics Card,b5085745-3df3-493a-965c-0a4e0b3bcb2e,-1,-1,-1,-1,-1,-1,-1,-1,-1,-1,-1,-1,-1,-1,0
ASUS AMD Radeon RX 6700 XT ROG Strix OC 12GB GDDR6 PCIe 4.0 Graphics Card,f355083a-c6da-408d-9d9f-3b0c0bdd857d,-1,-1,-1,-1,-1,-1,-1,-1,-1,-1,-1,-1,-1,-1,0
ASUS NVIDIA GeForce RTX 3060 Dual V2 OC 12GB GDDR6 PCIe 4.0 Graphics Card,af90e27a-d5bf-42aa-b1c0-34924d8ff5f8,-1,-1,-1,-1,-1,-1,-1,-1,-1,-1,-1,-1,-1,-1,0
ASUS GeForce GT 1030 Phoenix OC 2GB GDDR5 PCIe 3.0 Graphics Card,c5afcf0a-1414-4b3b-ac5f-164918ad2d92,-1,-1,-1,-1,-1,-1,-1,-1,-1,-1,-1,-1,-1,-1,0
Gigabyte GeForce GTX 1050 Ti 4GB GDDR5 PCIe Video Card,aaa405ab-bfe0-452e-ac50-298a34f9a122,-1,-1,-1,-1,-1,-1,-1,-1,-1,-1,-1,-1,-1,-1,0
PNY 4ro P400 V2 2GB GDDR5 PCIe 3.0 Graphics Card,ba2dee70-36d2-49d2-b71a-2ac95f9a9d5e,-1,-1,-1,-1,-1,-1,-1,-1,-1,-1,-1,-1,-1,-1,0
Sapphire Technology AMD Radeon RX 6700 XT Nitro Plus 12GB GDDR6 PCIe 4.0 Graphics Card,774e3c49-3c45-49ff-a6c5-b7795464a71c,-1,-1,-1,-1,-1,-1,-1,-1,-1,-1,-1,-1,-1,-1,0
Gigabyte NVIDIA GeForce RTX 3060 Ti Aorus Elite OC 8GB GDDR6 PCIe 4.0 Graphics Card,1fb5b296-f6fd-4433-a052-f76a322c36f9,-1,-1,-1,-1,-1,-1,-1,-1,-1,-1,-1,-1,-1,-1,0
ASUS GeForce GT 710 Low Profile Passive 1GB GDDR5 PCIe 2.0 Graphics Card,b746e195-5eea-41ed-a2cd-aa7cd4c0197c,-1,-1,-1,-1,-1,-1,-1,-1,-1,-1,-1,-1,-1,-1,0
ASUS AMD Radeon RX 6900 XT ROG Strix LC OC Hybrid Cooled 16GB GDDR6 PCIe 4.0 Graphics Card,10b5190b-0735-49ac-bd91-5ca60b85f398,-1,-1,-1,-1,-1,-1,-1,-1,-1,-1,-1,-1,-1,-1,0
Sapphire Technology AMD Radeon RX 6900 XT Nitro Plus OC 16GB GDDR6 PCIe 4.0 Graphics Card,b4592e8b-bc66-4bd1-a9e2-8bd07c90df32,-1,-1,-1,-1,-1,-1,-1,-1,-1,-1,-1,-1,-1,-1,0
ASUS Phoenix GeForce GTX 1050 Ti 4GB GDDR5 PCIe Video Card,33c6c810-04e6-42c7-bae6-dfe64f1e26ba,-1,-1,-1,-1,-1,-1,-1,-1,-1,-1,-1,-1,-1,-1,0
Gigabyte NVIDIA GeForce RTX 3060 AORUS Elite Rev 2 OC 12GB GDDR6 PCIe 4.0 Graphics Card,21eec95e-07c8-4ba7-b84a-29b3e8174e9c,-1,-1,-1,-1,-1,-1,-1,-1,-1,-1,-1,-1,-1,-1,0
Sapphire Technology AMD Radeon RX 6900 XT Toxic OC Hybrid Cooled 16GB GDDR6 PCIe 4.0 Graphics Card,2f849379-87e4-4b03-ad47-089edea3a918,-1,-1,-1,-1,-1,-1,-1,-1,-1,-1,-1,-1,-1,-1,0
PowerColor AMD Radeon RX 6600 XT Hellhound OC 8GB GDDR6 PCIe 4.0 Graphics Card,86d68bd9-3d8d-4649-8c4d-6ab5a56763f7,-1,-1,-1,-1,-1,-1,-1,-1,-1,-1,-1,-1,-1,-1,0
MSI NVIDIA GeForce RTX 3060 Ti Ventus 3X OC 8GB GDDR6 PCIe 4.0 Graphics Card,5a0429db-4d0a-4705-b8ef-2581e2f3865a,-1,-1,-1,-1,-1,-1,-1,-1,-1,-1,-1,-1,-1,-1,0
ASUS NVIDIA GeForce RTX 3070 Ti TUF Gaming OC 8GB GDDR6X PCIe 4.0 Graphics Card,b4d5ea5f-4a8c-4d42-830e-4c4b9da976a7,-1,-1,-1,-1,-1,-1,-1,-1,-1,-1,-1,-1,-1,-1,0
PowerColor AMD Radeon RX 6800 XT Liquid Devil 16GB GDDR6 PCIe 4.0 Graphics Card,9c2d9d33-a97e-4572-bc13-0520c51af666,-1,-1,-1,-1,-1,-1,-1,-1,-1,-1,-1,-1,-1,-1,0
ASUS GeForce GT 710 Low Profile Passive 2GB GDDR5 PCIe Graphics Card,8edeea46-043c-440e-a51b-fa2360034639,-1,-1,-1,-1,-1,-1,-1,-1,-1,-1,-1,-1,-1,-1,0
MSI NVIDIA GeForce RTX 3060 Gaming X Trio OC 12GB GDDR6 PCIe 4.0 Graphics Card,c345b527-145b-445a-a550-afcbab76273d,-1,-1,-1,-1,-1,-1,-1,-1,-1,-1,-1,-1,-1,-1,0
ASUS AMD Radeon RX 6900 XT TUF Gaming OC 16GB GDDR6 PCIe 4.0 Graphics Card,1a9fd169-8a5b-40c4-9f51-5b8868f34611,-1,-1,-1,-1,-1,-1,-1,-1,-1,-1,-1,-1,-1,-1,0
PowerColor AMD Radeon RX 6600 XT Fighter 8GB GDDR6 PCIe 4.0 Graphics Card,985f06ed-a29e-4183-8ee2-a582e5219a48,-1,-1,-1,-1,-1,-1,-1,-1,-1,-1,-1,-1,-1,-1,0
MSI NVIDIA GeForce GT 730 N730K 4GD3/OCV1 OC 4GB DDR3 PCIe 2.0 Graphics Card,141df57a-495c-42ef-af60-20eb008906d4,-1,-1,-1,-1,-1,-1,-1,-1,-1,-1,-1,-1,-1,-1,0
MSI NVIDIA GeForce 210 N210 MD1G/D3 1GB DDR3 PCIe 2.0 Graphics Card,0cd9af7d-0b8a-4af6-8fc7-b983a42458e2,-1,-1,-1,-1,-1,-1,-1,-1,-1,-1,-1,-1,-1,-1,0
Visiontek SFF Radeon 7750 2GB GDDR5 PCIe 3.0 Graphics Card,a511729d-3df9-4ac8-abb4-5a95817cd690,-1,-1,-1,-1,-1,-1,-1,-1,-1,-1,-1,-1,-1,-1,0
MSI NVIDIA GeForce GT 1030 2GD4 LP OC 2GB GDDR4 PCIe 3.0 Graphics Card,d004160f-f447-4055-ab32-0e5ae1a4b080,-1,-1,-1,-1,-1,-1,-1,-1,-1,-1,-1,-1,-1,-1,0
MSI GeForce GTX 1660 Super Ventus XS OC 6GB GDDR6 PCIe 3.0 Graphics Card,dc374b58-a056-4a37-9b2e-2e9e95916809,-1,-1,-1,-1,-1,-1,-1,-1,-1,-1,-1,-1,-1,-1,0
Visiontek Radeon RX 560 4GB GDDR5 PCIe 3.0 Graphics Card,1ddf6069-e0c9-45c7-98f8-35105f260691,-1,-1,-1,-1,-1,-1,-1,-1,-1,-1,-1,-1,-1,-1,0
Visiontek Radeon HD 5450 Low Profile Passive Cooled 1GB DDR3 PCIe 2.1 Graphics Card,c8f7dfb7-c2d8-4193-82c3-432b19f60930,-1,-1,-1,-1,-1,-1,-1,-1,-1,-1,-1,-1,-1,-1,0
MSI NVIDIA GeForce RTX 3060 Ti Gaming Z Trio 8GB GDDR6 PCIe 4.0 Graphics Card,b6c4fc15-4730-4b0b-9194-f24b8d0fc563,-1,-1,-1,-1,-1,-1,-1,-1,-1,-1,-1,-1,-1,-1,0
MSI Radeon RX 5700 XT Gaming X 8GB GDDR6 PCIe 4.0 Graphics Card,496f3d90-a75c-478e-ba9f-b0e105eff162,-1,-1,-1,-1,-1,-1,-1,-1,-1,-1,-1,-1,-1,-1,0
MSI AMD Radeon RX 6600 XT Mech 2X OC 8GB GDDR6 PCIe 4.0 Graphics Card,e42b9daa-4de1-4580-92ad-bd9b7f4a40bd,-1,-1,-1,-1,-1,-1,-1,-1,-1,-1,-1,-1,-1,-1,0
Visiontek Radeon HD 5450 Low Profile Passive Cooled 2GB DDR3 PCIe 2.1 Graphics Card,ef097238-c70c-4573-b138-9e6dee7a1179,-1,-1,-1,-1,-1,-1,-1,-1,-1,-1,-1,-1,-1,-1,0
MSI GeForce GT 710 Low Profile Passive Cooled 1GB DDR3 PCIe 2.0 Graphics Card,ae5659e6-5924-4ab9-bc9b-ffbd48d43a81,-1,-1,-1,-1,-1,-1,-1,-1,-1,-1,-1,-1,-1,-1,0
Sapphire Technology Radeon RX 5700 XT NITRO+ OC 8GB GDDR6 PCIe 4.0 Graphics Card,9a8d89e5-3746-4c90-8080-5d45ac823cb3,-1,-1,-1,-1,-1,-1,-1,-1,-1,-1,-1,-1,-1,-1,0
PowerColor AMD Radeon RX 6600 XT Red Devil 8GB GDDR6 PCIe 4.0 Graphics Card,71d33d0f-0b5a-4c93-8a12-7c49d243962d,-1,-1,-1,-1,-1,-1,-1,-1,-1,-1,-1,-1,-1,-1,0
ASUS GeForce GT 1030 Passive 2GB GDDR5 PCIe Graphics Card,4a99d028-dc24-4818-bfe0-67ee68c8ece7,-1,-1,-1,-1,-1,-1,-1,-1,-1,-1,-1,-1,-1,-1,0
ASUS GeForce GT 710 Passive Cooled 2GB GDDR5 PCIe 2.0 Graphics Card,1f8b299b-8864-4a7d-a478-56f0a5a160d5,-1,-1,-1,-1,-1,-1,-1,-1,-1,-1,-1,-1,-1,-1,0
Visiontek Radeon HD 7750 Low Profile 2GB GDDR5 PCIe 3.0 Graphics Card,5b042f44-6959-4e9f-854b-40d8642be6a2,-1,-1,-1,-1,-1,-1,-1,-1,-1,-1,-1,-1,-1,-1,0
PowerColor AMD Radeon RX 6700 XT Hellhound Spectral 12GB GDDR6 PCIe 4.0 Graphics Card,f7af4498-0e79-491d-b14a-d2a09657a2c3,-1,-1,-1,-1,-1,-1,-1,-1,-1,-1,-1,-1,-1,-1,0
MSI NVIDIA GeForce RTX 3070 SUPRIM X 8GB GDDR6 PCIe 4.0 Graphics Card,9921cc82-2feb-4f01-9b27-f8812b28b7b4,-1,-1,-1,-1,-1,-1,-1,-1,-1,-1,-1,-1,-1,-1,0
MSI GeForce RTX 3080 Ventus 3X OC 10GB GDDR6X PCIe 4.0 Graphics Card,55739e4c-512e-456a-b221-1ec7e18f587a,-1,-1,-1,-1,-1,-1,-1,-1,-1,-1,-1,-1,-1,-1,0
EVGA NVIDIA GeForce RTX 3080 FTW3 Ultra Gaming 10GB GDDR6X PCIe 4.0 Graphics Card,161d0cd1-1233-4bf8-b73e-496724546f70,-1,-1,-1,-1,-1,-1,-1,-1,-1,-1,-1,-1,-1,-1,0
MSI GeForce GT 710 Low Profile Passive Cooled 2GB DDR3 PCIe 3.0 Graphics Card,4b9f15e5-9aed-4762-8222-57ca071a784a,-1,-1,-1,-1,-1,-1,-1,-1,-1,-1,-1,-1,-1,-1,0
ASUS NVIDIA GeForce RTX 3080 TUF Gaming V2 OC 10GB GDDR6X PCIe 4.0 Graphics Card,1e6c0443-56a6-45b2-aa0a-44d7caa0f32e,-1,-1,-1,-1,-1,-1,-1,-1,-1,-1,-1,-1,-1,-1,0
MSI NVIDIA GeForce RTX 3060 Gaming Z Trio OC 12GB GDDR6 PCIe 4.0 Graphics Card,c4d0b73a-2d47-4530-9dfd-3597a1da18b0,-1,-1,-1,-1,-1,-1,-1,-1,-1,-1,-1,-1,-1,-1,0
EVGA GeForce RTX 3080 FTW3 Ultra Gaming 10GB GDDR6X PCIe 4.0 Graphics Card,440e08a0-e14a-4812-a01e-5aee4cf9301b,-1,-1,-1,-1,-1,-1,-1,-1,-1,-1,-1,-1,-1,-1,0
PowerColor AMD Radeon RX 6700 XT Hellhound 12GB GDDR6 PCIe 4.0 Graphics Card,0e74908a-2764-4e98-8eec-f7de39a86685,-1,-1,-1,-1,-1,-1,-1,-1,-1,-1,-1,-1,-1,-1,0
Sapphire Technology AMD Radeon RX 6700 XT Nitro Plus 12GB GDDR6 PCIe 4.0 Graphics Card (Refurbished),f56c1e85-449e-4689-bf72-9094ab062254,-1,-1,-1,-1,-1,-1,-1,-1,-1,-1,-1,-1,-1,-1,0
MSI NVIDIA GeForce GT 1030 LP OC 2GB GDDR5 PCIe 3.0 Graphics Card,a2732133-fc76-4846-803c-ad89d7088822,-1,-1,-1,-1,-1,-1,-1,-1,-1,-1,-1,-1,-1,-1,0
ASUS Radeon RX 5700 XT ROG Strix OC 8GB GDDR6 PCIe 4.0 Graphics Card,c2fdecb9-569e-41ca-8a8a-fa351f16e126,-1,-1,-1,-1,-1,-1,-1,-1,-1,-1,-1,-1,-1,-1,0
ASUS GeForce RTX 3070 Dual OC 8GB GDDR6 PCIe 4.0 Graphics Card,209b6528-b51d-41ae-a283-f7be620cb20f,-1,-1,-1,-1,-1,-1,-1,-1,-1,-1,-1,-1,-1,-1,0
ASUS NVIDIA GeForce RTX 2060 ROG Strix EVO V2 Gaming 6GB GDDR6 PCIe 3.0 Graphics Card,4a1b165f-16b0-4700-9ece-ebafe4e4ee4b,-1,-1,-1,-1,-1,-1,-1,-1,-1,-1,-1,-1,-1,-1,0
Gigabyte GeForce RTX 2060 OC 6GB GDDR6 PCIe 3.0 Graphics Card,fbfabe72-9fa3-4ae5-8748-9533d0eaee3f,-1,-1,-1,-1,-1,-1,-1,-1,-1,-1,-1,-1,-1,-1,0
PowerColor AMD Radeon RX 6800 Fighter OC 16GB GDDR6 PCIe 4.0 Graphics Card,271b5b93-68bb-4f2d-9104-4f5b7336e31a,-1,-1,-1,-1,-1,-1,-1,-1,-1,-1,-1,-1,-1,-1,0
Sapphire Technology Radeon RX 5700 XT Pulse OC 8GB GDDR6 PCIe 4.0 Graphics Card,741f1b32-a318-4ef8-b911-588e693c7b1d,-1,-1,-1,-1,-1,-1,-1,-1,-1,-1,-1,-1,-1,-1,0
ASUS NVIDIA GeForce GT 730 Low Profile Passive Cooled 2GB GDDR5 PCIe 3.0 Graphics Card,1539eed2-8724-464d-9a93-d014b31ee80d,-1,-1,-1,-1,-1,-1,-1,-1,-1,-1,-1,-1,-1,-1,0
ASUS GeForce RTX 3080 TUF Gaming OC 10GB GDDR6X PCIe 4.0 Graphics Card,da200194-f0bd-45f2-bc5e-c18b3af333b1,-1,-1,-1,-1,-1,-1,-1,-1,-1,-1,-1,-1,-1,-1,0
ASUS GeForce GTX 1660 Super Advance ROG Strix OC 6GB GDDR6 PCIe 3.0 Graphics Card,9fcdc8b8-f618-4392-9afc-746fc40de119,-1,-1,-1,-1,-1,-1,-1,-1,-1,-1,-1,-1,-1,-1,0
MSI GeForce RTX 3070 Ventus 3X OC 8GB GDDR6 PCIe 4.0 Graphics Card,58c857eb-a0a0-40d3-92bf-9f72b6f6b3fa,-1,-1,-1,-1,-1,-1,-1,-1,-1,-1,-1,-1,-1,-1,0
MSI NVIDIA GeForce GT 730 N730K 2GD3H/LPV1 Passive Cooled 2GB DDR3 PCIe 2.0 Graphics Card,d80216d1-f40a-43d9-aa03-3ba80dd3b859,-1,-1,-1,-1,-1,-1,-1,-1,-1,-1,-1,-1,-1,-1,0
Sapphire Technology AMD Radeon RX 6900 XT Toxic Gaming Limited Edition OC Hybrid Cooled 16GB GDDR6 PCIe 4.0 Graphics Card,85cb649c-ffc0-4fb1-98b7-03afa3d86c1e,-1,-1,-1,-1,-1,-1,-1,-1,-1,-1,-1,-1,-1,-1,0
MSI GeForce GTX 1660 Ti Ventus XS OC 6GB GDDR6 PCIe 3.0 Graphics Card,067c6a67-de01-491d-a68a-257e32515bab,-1,-1,-1,-1,-1,-1,-1,-1,-1,-1,-1,-1,-1,-1,0
Sapphire Technology AMD Radeon RX 6700 XT Nitro Plus OC 12GB GDDR6 PCIe 4.0 Graphics Card (Refurbished),8c6bcb37-eedc-475e-85ac-53a0b522d0c1,-1,-1,-1,-1,-1,-1,-1,-1,-1,-1,-1,-1,-1,-1,0
MSI Radeon RX 5500 XT Mech OC 8GB GDDR6 PCIe 4.0 Graphics Card,8e3c1c2b-0b5a-47aa-b3d9-17a874ce7bf5,-1,-1,-1,-1,-1,-1,-1,-1,-1,-1,-1,-1,-1,-1,0
Gigabyte GeForce GT 1030 Low Profile 2GB GDDR5 PCIe 3.0 Graphics Card,8789f0b4-538b-4675-a14e-f0db3474eedf,-1,-1,-1,-1,-1,-1,-1,-1,-1,-1,-1,-1,-1,-1,0
MSI AMD Radeon RX 6700 XT Gaming X 12GB GDDR6 PCIe 4.0 Graphics Card,cd514709-7fcd-40c3-8131-3f772af3b16b,-1,-1,-1,-1,-1,-1,-1,-1,-1,-1,-1,-1,-1,-1,0
MSI NVIDIA GeForce GT 710 2GD3 LP 2GB DDR3 PCIe 2.0 Graphics Card,479d644b-3074-4578-9e91-793785631528,-1,-1,-1,-1,-1,-1,-1,-1,-1,-1,-1,-1,-1,-1,0
PowerColor AMD Radeon RX 6900 XT Liquid Devil OC Liquid Cooled 16GB GDDR6 PCIe 4.0 Graphics Card,3176fa34-4085-466e-b292-414bc442104b,-1,-1,-1,-1,-1,-1,-1,-1,-1,-1,-1,-1,-1,-1,0
EVGA NVIDIA GeForce RTX 3080 Ti 12GB GDDR6X Graphics Card,28272f83-405c-461f-b7e9-fa74b7ffd395,-1,-1,-1,-1,-1,-1,-1,-1,-1,-1,-1,-1,-1,-1,0
NVIDIA GeForce RTX 3090 FTW3 Ultra Gaming Graphics Card,8ff2698e-866a-47e6-b5a0-f6bf8b2e7351,-1,-1,-1,-1,-1,-1,-1,-1,-1,-1,-1,-1,-1,-1,0
EVGA NVIDIA GeForce GTX 1660 SUPER SC ULTRA 6GB GDDR6 PCIe 3.0 Graphics Card,9fe2efab-2189-4862-9b79-12a2c51ca55a,-1,-1,-1,-1,-1,-1,-1,-1,-1,-1,-1,-1,-1,-1,0
NVIDIA GeForce RTX 3080 10 GB GDDR6X Suprim X Graphic Card,347f4e23-97eb-4f9d-955b-f4dde1593ad2,-1,-1,-1,-1,-1,-1,-1,-1,-1,-1,-1,-1,-1,-1,0
EVGA GeForce RTX 3060 Ti FTW3 8GB GDDR6 Gaming Graphics Card W/X17 Gaming Mouse,229b28c4-cb19-44a7-96eb-f3627433d789,-1,-1,-1,-1,-1,-1,-1,-1,-1,-1,-1,-1,-1,-1,0
EVGA GeForce RTX 3080 Ti XC3 Ultra 12GB GDDR6X Gaming Graphics Card W/Keyboard,37274ea4-775b-43a8-bb3d-ac6eb936eb8b,-1,-1,-1,-1,-1,-1,-1,-1,-1,-1,-1,-1,-1,-1,0
EVGA GeForce RTX 3070 Ti XC3 Gaming 8GB GDDR6X Graphic Card,6e9aae44-e953-42fe-819e-960605570ea3,-1,-1,-1,-1,-1,-1,-1,-1,-1,-1,-1,-1,-1,-1,0
ASUS TUF Gaming NVIDIA RTX 3080 V2 OC Edition 10GB GDDR6X Graphics Card W/Mouse,f6f051fd-6506-4c6d-902e-5cfd5366a7a2,-1,-1,-1,-1,-1,-1,-1,-1,-1,-1,-1,-1,-1,-1,0
GeForce RTX 3070 XC3 Ultra 8GB GDDR6 Gaming Graphics Card With X17 Gaming Mouse,34a27919-cef5-4dff-8e56-e7064bd81d1d,-1,-1,-1,-1,-1,-1,-1,-1,-1,-1,-1,-1,-1,-1,0
PNY GeForce RTX 3060 12GB XLR8 Gaming Graphics Card ,c0d848e2-7bc4-4bd7-bf2c-ed66a34cb734,-1,-1,-1,-1,-1,-1,-1,-1,-1,-1,-1,-1,-1,-1,0
EVGA GeForce RTX 3070 Ti FTW3 Ultra Gaming 8GB GDDR6X Graphics Card W/X17 Mouse,cd50fdd7-a583-400d-bec8-a811f8aa9d0e,-1,-1,-1,-1,-1,-1,-1,-1,-1,-1,-1,-1,-1,-1,0
ASUS TUF Gaming NVIDIA GeForce RTX 3080 OC Edition 10GB GDDR6X Graphics Card,c4021a77-2a84-4d2c-95cb-039021858503,-1,-1,-1,-1,-1,-1,-1,-1,-1,-1,-1,-1,-1,-1,0
EVGA GeForce RTX 3090 FTW3 U 24GB GDDR6X Graphics Card W/X17 Mouse,78aea1bd-dfd4-4b4a-a4b5-f87f78248ce4,-1,-1,-1,-1,-1,-1,-1,-1,-1,-1,-1,-1,-1,-1,0
EVGA GeForce RTX 3080 Ti FTW3 Gaming 12GB GDR6X Graphics Card W/X17 Gaming Mouse,be3e2701-40f9-4106-8586-3943f7dd8679,-1,-1,-1,-1,-1,-1,-1,-1,-1,-1,-1,-1,-1,-1,0
PNY GeForce RTX 3060 Ti 8GB XLR8 Gaming EPIC-X Graphics Card,9ab970c3-1916-4752-a247-45e2f9f543b2,-1,-1,-1,-1,-1,-1,-1,-1,-1,-1,-1,-1,-1,-1,0
PNY GeForce RTX 3080 10GB XLR8 EPIC-X Graphics Card ,d934e563-2ed3-4942-b904-b9646305e50a,-1,-1,-1,-1,-1,-1,-1,-1,-1,-1,-1,-1,-1,-1,0
PNY GeForce RTX 3090 24GB XLR8 EPIC-X Graphics Card 2.7 Slot,ea182b74-db67-41bc-b182-4a392bb79074,-1,-1,-1,-1,-1,-1,-1,-1,-1,-1,-1,-1,-1,-1,0
EVGA GeForce RTX 3090 XC3 Ultra 24GB GDDR6X Graphics Card W/EVGA X1 Gaming Mouse,54dc6a80-fbd5-419b-9a86-de61f7f43baa,-1,-1,-1,-1,-1,-1,-1,-1,-1,-1,-1,-1,-1,-1,0
PNY GeForce RTX 3080 10GB EPIC-X XLR8 Gaming Graphics Card,3023bf5d-5c9d-40e5-8305-203e1b44eb86,-1,-1,-1,-1,-1,-1,-1,-1,-1,-1,-1,-1,-1,-1,0
EVGA GeForce RTX 3090 FTW3 24GB GDDR6X Graphics Card W/Z15 Keyboard,1e31f473-f78d-4892-991d-45708c4d7f4e,-1,-1,-1,-1,-1,-1,-1,-1,-1,-1,-1,-1,-1,-1,0
PNY GeForce RTX 3060 Ti 8GB UPRISING Gaming Graphics Card ,45676ec4-bbdf-4087-9d04-70404c43e8dc,-1,-1,-1,-1,-1,-1,-1,-1,-1,-1,-1,-1,-1,-1,0
ZOTAC GAMING GeForce RTX 2060 6GB GDDR6 Graphics Card,3d3e6f09-61f6-4dbf-8c4e-78e51e4d6963,-1,-1,-1,-1,-1,-1,-1,-1,-1,-1,-1,-1,-1,-1,0
PNY GeForce RTX 3070 8GB Graphics Card ,75dda970-2750-4d38-ab2e-a6cf4487d744,-1,-1,-1,-1,-1,-1,-1,-1,-1,-1,-1,-1,-1,-1,0
Bosch NVIDIA Quadro 4000 Graphics Card 2GB,1d924685-5cea-4d32-a609-ebc481e317b7,-1,-1,-1,-1,-1,-1,-1,-1,-1,-1,-1,-1,-1,-1,0
Bosch NVIDIA Quadro 2000 Graphics Card 1GB,5af79940-56c2-4f88-887c-6e18797546cb,-1,-1,-1,-1,-1,-1,-1,-1,-1,-1,-1,-1,-1,-1,0
Bosch NVIDIA Workstation Quadro FX 1800 PCIe Graphic Card 768 MB,b4377eca-a836-4499-9231-dd32210112c4,-1,-1,-1,-1,-1,-1,-1,-1,-1,-1,-1,-1,-1,-1,0
AMD Radeon PRO W6800 Graphics Card,84b08873-dc68-425e-b89d-3004ad3acb19,-1,-1,-1,-1,-1,-1,-1,-1,-1,-1,-1,-1,-1,-1,0
AMD Radeon PRO W6600 Graphics Card,e7a04beb-1175-473b-a96e-548d0695c86d,-1,-1,-1,-1,-1,-1,-1,-1,-1,-1,-1,-1,-1,-1,0
AMD Radeon Pro WX 2100 Graphics Card,180ff559-2346-4499-a54f-df305d8c4109,-1,-1,-1,-1,-1,-1,-1,-1,-1,-1,-1,-1,-1,-1,0
PNY Quadro RTX 4000 Graphics Card,be2432cc-f1e0-4e01-a566-2f7aa571608a,-1,-1,-1,-1,-1,-1,-1,-1,-1,-1,-1,-1,-1,-1,0
PNY RTX A6000 Graphics Card,4aed5e45-cd34-43cc-a4d0-51880291a2ec,-1,-1,-1,-1,-1,-1,-1,-1,-1,-1,-1,-1,-1,-1,0
PNY T600 Graphics Card,f433daa5-d1c7-4a3c-9983-14ce4da0b700,-1,-1,-1,-1,-1,-1,-1,-1,-1,-1,-1,-1,-1,-1,0
HP Quadro RTX 5000 Graphics Card,7e6bc043-571b-4a99-ad32-23e8c40f5f7a,-1,-1,-1,-1,-1,-1,-1,-1,-1,-1,-1,-1,-1,-1,0
HP 3ME25AT Quadro P620 Graphics Card,536a8074-43af-4fa7-8e3b-744f043f4342,-1,-1,-1,-1,-1,-1,-1,-1,-1,-1,-1,-1,-1,-1,0
HP AMD Radeon R7 430 Graphics Card,4272ac11-98ea-4fdc-a6f2-2a3a9acc0175,-1,-1,-1,-1,-1,-1,-1,-1,-1,-1,-1,-1,-1,-1,0
HP Quadro P400 Graphics Card,5224f870-1bc9-4699-9db1-64e398ee7bee,-1,-1,-1,-1,-1,-1,-1,-1,-1,-1,-1,-1,-1,-1,0
HP Radeon Pro WX 3100 Graphics Card (Smart Buy),0025ac02-ed95-4c01-8111-e3b5ebb48385,-1,-1,-1,-1,-1,-1,-1,-1,-1,-1,-1,-1,-1,-1,0
HP Radeon Pro WX 3200 Graphics Card,1446dfc9-38f2-4587-b9dc-9e49f58a88b7,-1,-1,-1,-1,-1,-1,-1,-1,-1,-1,-1,-1,-1,-1,0
HP Quadro RTX 4000 Graphics Card,f27df7ac-a729-4e6e-b790-6a60acf85221,-1,-1,-1,-1,-1,-1,-1,-1,-1,-1,-1,-1,-1,-1,0
Apple Radeon Pro W6800X Mpx Module,a4eb9105-c7d6-4282-971a-b359a98b3515,-1,-1,-1,-1,-1,-1,-1,-1,-1,-1,-1,-1,-1,-1,0
PNY Quadro RTX 6000 Graphics Card,cfa53a80-16af-404c-8456-f9f17a07e6ef,-1,-1,-1,-1,-1,-1,-1,-1,-1,-1,-1,-1,-1,-1,0
HP Quadro RTX 8000 Graphics Card,fb383a6d-fe34-43cd-bba4-c3c06ee90eb3,-1,-1,-1,-1,-1,-1,-1,-1,-1,-1,-1,-1,-1,-1,0
PNY RTX A6000 Graphics Card and Quadro Sync II Kit,3fbcbd8a-a26c-41d1-9a9b-2b4e884c751e,-1,-1,-1,-1,-1,-1,-1,-1,-1,-1,-1,-1,-1,-1,0
Gigabyte GeForce GT 710 Low-Profile Graphics Card,cb08b0a3-d870-4078-a21d-22e23d949868,-1,-1,-1,-1,-1,-1,-1,-1,-1,-1,-1,-1,-1,-1,0
ZOTAC GeForce GT 710 ZONE Graphics Card,99f4569e-ccaf-4fae-8db3-a81249d8e968,-1,-1,-1,-1,-1,-1,-1,-1,-1,-1,-1,-1,-1,-1,0
ZOTAC GeForce GT 710 Graphics Card,c21bb271-9458-4b77-a925-9ad1c0c5ebd6,-1,-1,-1,-1,-1,-1,-1,-1,-1,-1,-1,-1,-1,-1,0
ZOTAC GeForce GT 730 Zone Graphics Card,5d5ca9e3-8f5a-4b1e-8c7a-593541c88ba0,-1,-1,-1,-1,-1,-1,-1,-1,-1,-1,-1,-1,-1,-1,0
Lenovo ThinkStation NVIDIA Quadro P400 Graphics Card with HP Bracket,fa326df6-3f3b-4499-b4b5-1f46419ffd1a,-1,-1,-1,-1,-1,-1,-1,-1,-1,-1,-1,-1,-1,-1,0
Lenovo ThinkStation NVIDIA Quadro P400 Graphics Card with LP Bracket,2e86ab4b-f17c-4160-8c58-fc4082c57059,-1,-1,-1,-1,-1,-1,-1,-1,-1,-1,-1,-1,-1,-1,0
ZOTAC GeForce GT 1030 Graphics Card,1f726d71-8f43-48b0-b9e7-ded929e25306,-1,-1,-1,-1,-1,-1,-1,-1,-1,-1,-1,-1,-1,-1,0
VisionTek Radeon HD 5570 4-Port HDMI/VHDCI Graphics Card,673a0761-70d8-4764-af05-e0393dbd7d29,-1,-1,-1,-1,-1,-1,-1,-1,-1,-1,-1,-1,-1,-1,0
Gigabyte GeForce GTX 1650 D6 WINDFORCE OC R2 Graphics Card,1dd3af4a-cd65-4693-b6e7-44b722fe4d89,-1,-1,-1,-1,-1,-1,-1,-1,-1,-1,-1,-1,-1,-1,0
VisionTek Radeon HD 5570 Graphics Card,4606db6b-24d9-4035-83dd-58e5fb2e8779,-1,-1,-1,-1,-1,-1,-1,-1,-1,-1,-1,-1,-1,-1,0
HP Quadro M1000M Graphics Card,751941fd-f067-4047-98eb-b19db489343b,-1,-1,-1,-1,-1,-1,-1,-1,-1,-1,-1,-1,-1,-1,0
Matrox G550 PCIe x1 32-Bit Graphics Card,1ce01a8d-5333-43e3-a840-3f6ed2889575,-1,-1,-1,-1,-1,-1,-1,-1,-1,-1,-1,-1,-1,-1,0
Gigabyte Radeon RX 580 GAMING R2 Graphics Card,9bf8ee6d-b072-431b-9df9-2aac900fdc38,-1,-1,-1,-1,-1,-1,-1,-1,-1,-1,-1,-1,-1,-1,0
HP Radeon RX 550X Low Profile Graphics Card,4e9240f7-6111-41e8-b4f6-34526ae1049a,-1,-1,-1,-1,-1,-1,-1,-1,-1,-1,-1,-1,-1,-1,0
PNY T600 Graphics Card (GPU Only),7a5c7380-b092-43f4-90ee-53e0d14ff4a1,-1,-1,-1,-1,-1,-1,-1,-1,-1,-1,-1,-1,-1,-1,0
Matrox M9120 512MB PCI Express x16 ATX Graphics Card,d82a3686-3e58-4985-9a35-8a6a5d3421f6,-1,-1,-1,-1,-1,-1,-1,-1,-1,-1,-1,-1,-1,-1,0
AMD Radeon Pro WX 3200 Graphics Card,2effd823-8452-4687-a9a5-4cd3ba0f9089,-1,-1,-1,-1,-1,-1,-1,-1,-1,-1,-1,-1,-1,-1,0
Lenovo Quadro P620 Graphics Card,5cd83c1e-a2cb-460a-85d6-3ab3c0324122,-1,-1,-1,-1,-1,-1,-1,-1,-1,-1,-1,-1,-1,-1,0
ASUS Phoenix GeForce GTX 1650 SUPER OC Graphics Card,57f09ed9-7f60-493b-b597-e6ffad2f94e4,-1,-1,-1,-1,-1,-1,-1,-1,-1,-1,-1,-1,-1,-1,0
Matrox M9120 512MB PCI Express x1 Low-Profile Graphics Card,b2bd4559-a059-431c-8cfb-b362d9d3cd94,-1,-1,-1,-1,-1,-1,-1,-1,-1,-1,-1,-1,-1,-1,0
HP Radeon Pro WX 3100 Graphics Card,c2f31065-5023-4789-9ca1-652569a2c481,-1,-1,-1,-1,-1,-1,-1,-1,-1,-1,-1,-1,-1,-1,0
HP Quadro P1000 Graphics Card (Smart Buy),ffca0b13-309a-4c53-b35c-0342d02c6b3a,-1,-1,-1,-1,-1,-1,-1,-1,-1,-1,-1,-1,-1,-1,0
ZOTAC GAMING GeForce GTX 1650 SUPER Twin Fan Graphics Card,01ce42c7-eb3f-4691-bdd7-a391779e882c,-1,-1,-1,-1,-1,-1,-1,-1,-1,-1,-1,-1,-1,-1,0
AMD Radeon Pro WX 4100 Graphics Card,65d70f60-a189-4c2d-8931-7c20d602a513,-1,-1,-1,-1,-1,-1,-1,-1,-1,-1,-1,-1,-1,-1,0
HP Quadro P2200 Graphics Card,c7aa1bf4-2497-4107-8dd1-c930625c9c97,-1,-1,-1,-1,-1,-1,-1,-1,-1,-1,-1,-1,-1,-1,0
Matrox M9138 Low-Profile PCIe x16 Graphic Display Card,6652c4d3-cda9-4c9e-b4ca-48d26be6e556,-1,-1,-1,-1,-1,-1,-1,-1,-1,-1,-1,-1,-1,-1,0
Lenovo ThinkStation NVIDIA Quadro P1000 Graphics Card with LP Bracket,740bfe27-3025-425e-a5c6-4b7586aba8c8,-1,-1,-1,-1,-1,-1,-1,-1,-1,-1,-1,-1,-1,-1,0
Lenovo ThinkStation NVIDIA Quadro P1000 Graphics Card with HP Bracket,ddde6deb-5a51-42a5-b176-d17c71549afd,-1,-1,-1,-1,-1,-1,-1,-1,-1,-1,-1,-1,-1,-1,0
Gigabyte Radeon RX 5700 XT GAMING OC R2) Graphics Card,cb621baa-82d7-4636-b3b3-3df3bcdb616f,-1,-1,-1,-1,-1,-1,-1,-1,-1,-1,-1,-1,-1,-1,0
ASUS Republic of Gamers Strix Radeon RX 5600 XT TOP Gaming Graphics Card,a0e8ce0a-9436-48de-92e3-b2a4db8393b9,-1,-1,-1,-1,-1,-1,-1,-1,-1,-1,-1,-1,-1,-1,0
ASUS GeForce RTX 3060 Phoenix Graphics Card,34737862-d41d-44a8-9886-21b93b6ccff7,-1,-1,-1,-1,-1,-1,-1,-1,-1,-1,-1,-1,-1,-1,0
AMD Radeon Pro WX 5100 Graphics Card,6e9fa8c3-0c42-49e9-b25f-77703b31f7bc,-1,-1,-1,-1,-1,-1,-1,-1,-1,-1,-1,-1,-1,-1,0
PNY Nvidia Quadro T1000 Graphic Card,2f43221c-8dff-4968-ba4e-43a55cab9ea9,-1,-1,-1,-1,-1,-1,-1,-1,-1,-1,-1,-1,-1,-1,0
AMD Radeon Pro W5500 Graphics Card,35db0bf4-a895-4cbf-adff-4599b10f964a,-1,-1,-1,-1,-1,-1,-1,-1,-1,-1,-1,-1,-1,-1,0
Gigabyte GeForce RTX 3060 Vision OC 12G Graphics Card,1c6a3bc0-9a93-4fd0-ac63-060b3f8a6285,-1,-1,-1,-1,-1,-1,-1,-1,-1,-1,-1,-1,-1,-1,0
ZOTAC GAMING GeForce RTX 3060 Twin Edge OC Graphics Card,881ec1e0-8d91-4726-b10a-f4c4d4391785,-1,-1,-1,-1,-1,-1,-1,-1,-1,-1,-1,-1,-1,-1,0
ZOTAC GAMING GeForce RTX 3060 Ti Twin Edge Graphics Card,07456699-3c1f-4765-b047-d2cba97d9583,-1,-1,-1,-1,-1,-1,-1,-1,-1,-1,-1,-1,-1,-1,0
Matrox M9140 Low-Profile PCIe x16 Graphic Display Card,9009a937-5536-4f14-84ab-f7f3853df0d6,-1,-1,-1,-1,-1,-1,-1,-1,-1,-1,-1,-1,-1,-1,0
HP Radeon Pro W5500 Graphics Card (Smart Buy),c4bc93de-33e4-43d6-8fc6-6aceb23d29cd,-1,-1,-1,-1,-1,-1,-1,-1,-1,-1,-1,-1,-1,-1,0
Panasonic AMD Dedicated Graphics xPAK,e5fe76f6-1ffe-4a74-b71d-e9f2f6886ed3,-1,-1,-1,-1,-1,-1,-1,-1,-1,-1,-1,-1,-1,-1,0
Matrox M9148 Low-Profile PCIe x16 Graphic Display Card,a7c04c1e-2e04-49fe-8536-33fbd58136d0,-1,-1,-1,-1,-1,-1,-1,-1,-1,-1,-1,-1,-1,-1,0
Apple AMD Radeon Pro W5500X MPX Module,6b450eec-e0ad-46d8-b1cd-a5c9c2092c87,-1,-1,-1,-1,-1,-1,-1,-1,-1,-1,-1,-1,-1,-1,0
ZOTAC GAMING GeForce RTX 3070 Twin Edge Graphics Card,bf86ad4a-a6bc-4aed-ab57-0c88983bdef3,-1,-1,-1,-1,-1,-1,-1,-1,-1,-1,-1,-1,-1,-1,0
ZOTAC GAMING GeForce RTX 3060 Ti Twin Edge OC Graphics Card,e6da6e61-81da-408e-bc87-9560d297147d,-1,-1,-1,-1,-1,-1,-1,-1,-1,-1,-1,-1,-1,-1,0
Matrox C420 Graphics Card,49cfd831-f5b7-4ee5-a6bd-c86ab1606b19,-1,-1,-1,-1,-1,-1,-1,-1,-1,-1,-1,-1,-1,-1,0
ZOTAC GAMING GeForce RTX 3070 Twin Edge OC Graphics Card,2749900c-9188-49e1-aed5-fb77a29cb86e,-1,-1,-1,-1,-1,-1,-1,-1,-1,-1,-1,-1,-1,-1,0
AMD Radeon Pro WX 7100 Graphics Card,f64b7e26-ffc2-40b9-87f0-c5c4fe899bb7,-1,-1,-1,-1,-1,-1,-1,-1,-1,-1,-1,-1,-1,-1,0
HP Quadro P1000 Graphics Card,29603a5f-92ac-4f05-bd92-c3d406178c30,-1,-1,-1,-1,-1,-1,-1,-1,-1,-1,-1,-1,-1,-1,0
AMD FirePro S400 Synchronization Module,ee740787-96c8-4ab1-9e7e-2d7bc9c4b6a7,-1,-1,-1,-1,-1,-1,-1,-1,-1,-1,-1,-1,-1,-1,0
PNY GeForce RTX 3070 Ti XLR8 Gaming REVEL EPIC-X Triple Fan Edition Graphics Card,86b315fd-d129-4e90-b543-38701d3f75af,-1,-1,-1,-1,-1,-1,-1,-1,-1,-1,-1,-1,-1,-1,0
HP Z0B14AA Radeon Pro WX 7100 Graphics Card,20091f5f-3789-4a24-8648-2ccdc9d2d0fe,-1,-1,-1,-1,-1,-1,-1,-1,-1,-1,-1,-1,-1,-1,0
Apple AMD Radeon Pro W5700X MPX Module,20a85452-5ef0-49a2-b71f-ec62807a2bc5,-1,-1,-1,-1,-1,-1,-1,-1,-1,-1,-1,-1,-1,-1,0
Gigabyte Radeon RX 6700 XT AORUS ELITE Graphics Card,4a8c5fed-0979-4f3c-ae40-8654b30556c2,-1,-1,-1,-1,-1,-1,-1,-1,-1,-1,-1,-1,-1,-1,0
ASUS ROG Strix Radeon RX 6800 Graphics Card,8917219f-0370-4b27-b94b-6c95579a0125,-1,-1,-1,-1,-1,-1,-1,-1,-1,-1,-1,-1,-1,-1,0
AMD Radeon Pro W5700 Graphics Card,f31c9aa8-fa4a-435d-8c78-f84db4da7cd7,-1,-1,-1,-1,-1,-1,-1,-1,-1,-1,-1,-1,-1,-1,0
AMD FirePro S7000 Server Graphics Card,e648b585-578a-4541-99b8-68e194fb65f0,-1,-1,-1,-1,-1,-1,-1,-1,-1,-1,-1,-1,-1,-1,0
ASUS ROG Strix LC Radeon RX 6800 XT OC Gaming Graphics Card,b7dcdb27-558f-409c-83b5-d5337164cc70,-1,-1,-1,-1,-1,-1,-1,-1,-1,-1,-1,-1,-1,-1,0
Smart-AVI Xpander PCI Quad Display Card,638d40c4-0fe9-4e4a-b7c9-d767f58bc118,-1,-1,-1,-1,-1,-1,-1,-1,-1,-1,-1,-1,-1,-1,0
AMD ATI FireGL V7350 Graphics Card,07e82650-a7c6-462a-9172-f661363a4475,-1,-1,-1,-1,-1,-1,-1,-1,-1,-1,-1,-1,-1,-1,0
Smart-AVI PresenterPro-HD Digital Signage Card,d14a504e-ad6f-4c3c-8572-d6f764ea573b,-1,-1,-1,-1,-1,-1,-1,-1,-1,-1,-1,-1,-1,-1,0
Smart-AVI Xpander Xpress Quad PCI Express Display Card,7d8547d0-f054-498f-a397-0c869ac5e4bd,-1,-1,-1,-1,-1,-1,-1,-1,-1,-1,-1,-1,-1,-1,0
Sapphire Radeon Sky 900 Server Graphics Card,081ab128-8b5e-4ade-8e6f-c3f5cbe70b3c,-1,-1,-1,-1,-1,-1,-1,-1,-1,-1,-1,-1,-1,-1,0
Matrox M9188 PCIe x16 Multi-Display Octal Graphics Card,e49ef279-0bca-4f43-9fa4-810d1d0b7f47,-1,-1,-1,-1,-1,-1,-1,-1,-1,-1,-1,-1,-1,-1,0
DATAPATH ImageDP4+ Graphics Card,11efeab3-dda9-45c4-ad33-3c4679a99887,-1,-1,-1,-1,-1,-1,-1,-1,-1,-1,-1,-1,-1,-1,0
DATAPATH Image2K 4-Channel HDMI PCIe Graphics Card,95996f72-c34d-4dd8-bc57-454d78949bcf,-1,-1,-1,-1,-1,-1,-1,-1,-1,-1,-1,-1,-1,-1,0
AMD Radeon Pro WX 9100 Graphics Card,f424c8b8-556c-4705-97f4-b5867f6b79c8,-1,-1,-1,-1,-1,-1,-1,-1,-1,-1,-1,-1,-1,-1,0
ZOTAC GeForce RTX 3090 GAMING Trinity OC Gaming Graphics Card,e3ce059e-9e14-4f59-869d-ad65ce3b171b,-1,-1,-1,-1,-1,-1,-1,-1,-1,-1,-1,-1,-1,-1,0
PNY RTX A5000 Graphics Card,a0a9281e-ed6e-4372-8904-b697afb8ab8c,-1,-1,-1,-1,-1,-1,-1,-1,-1,-1,-1,-1,-1,-1,0
Apple AMD Radeon Pro Vega II MPX Module,630cdd18-ec06-4442-aae4-ae34d0d225d5,-1,-1,-1,-1,-1,-1,-1,-1,-1,-1,-1,-1,-1,-1,0
AMD FirePro S10000 Server Graphics Card,f2893977-d0ed-4d8c-b56a-801936d1736f,-1,-1,-1,-1,-1,-1,-1,-1,-1,-1,-1,-1,-1,-1,0
AMD FirePro S10000 Passive Server Graphics Card,4e296278-8fb0-4d10-a095-8f0e343755dc,-1,-1,-1,-1,-1,-1,-1,-1,-1,-1,-1,-1,-1,-1,0
PNY NVIDIA Quadro K5200 Graphics Card with Sync Card,e18ddb5e-edc0-4608-9b80-8cc2704ce892,-1,-1,-1,-1,-1,-1,-1,-1,-1,-1,-1,-1,-1,-1,0
PNY nVIDIA Quadro K5000 Sync Display Card,9b7f0ab2-5602-4dfa-b850-14eda884d15b,-1,-1,-1,-1,-1,-1,-1,-1,-1,-1,-1,-1,-1,-1,0
DATAPATH Image4K Graphics Card,54cc02cd-17b3-4ea9-b26a-4e66e6accf4d,-1,-1,-1,-1,-1,-1,-1,-1,-1,-1,-1,-1,-1,-1,0
HP Quadro RTX 6000 Graphics Card,f87110b5-9a66-4703-babd-b1bd9cb17177,-1,-1,-1,-1,-1,-1,-1,-1,-1,-1,-1,-1,-1,-1,0
PNY Quadro K6000 Graphics Card,b6451a2b-41d8-4a36-8d25-f57ff416927e,-1,-1,-1,-1,-1,-1,-1,-1,-1,-1,-1,-1,-1,-1,0
PNY nVIDIA Quadro 6000 PCIE x16 6 GB GDDR5 Graphics Display Card,781bf5a7-811c-42d5-bb24-ef4dfeddb865,-1,-1,-1,-1,-1,-1,-1,-1,-1,-1,-1,-1,-1,-1,0
PNY NVIDIA Quadro K4000 SDI,14b09fef-6932-495f-ba1d-5e341666c13c,-1,-1,-1,-1,-1,-1,-1,-1,-1,-1,-1,-1,-1,-1,0
PNY Dual NVIDIA Quadro K5200 Ultra-High Res Video Wall Kit,e0f090d6-9c9a-4cc1-b85d-04582152998a,-1,-1,-1,-1,-1,-1,-1,-1,-1,-1,-1,-1,-1,-1,0
PNY NVIDIA Quadro K5200 Graphics Card with SDI Output Board,813365f8-a70f-4639-86bd-d70e1954aa82,-1,-1,-1,-1,-1,-1,-1,-1,-1,-1,-1,-1,-1,-1,0
PNY nVIDIA Quadro K5000 SDI Bundled Board Kit,83ca0ecb-efc5-4dbb-9e61-8d675f4cf051,-1,-1,-1,-1,-1,-1,-1,-1,-1,-1,-1,-1,-1,-1,0
HP Quadro GP100 Graphics Card (Smart Buy),e73325cf-8cb8-411a-8156-0c71ee15ad8d,-1,-1,-1,-1,-1,-1,-1,-1,-1,-1,-1,-1,-1,-1,0
PNY NVIDIA Quadro K6000 with NVIDIA Quadro Sync Graphics Card,e38e80d0-8c71-4e78-ba4c-5cfb950e1d10,-1,-1,-1,-1,-1,-1,-1,-1,-1,-1,-1,-1,-1,-1,0
PNY RTX A6000 Graphics Card (GPU Only),3be3dd91-18b6-4fd9-befe-3a57ea385dd8,-1,-1,-1,-1,-1,-1,-1,-1,-1,-1,-1,-1,-1,-1,0
PNY NVIDIA Quadro K4200 with SDI Input and Output Boards,3e7c2eca-19cb-43b5-bb86-7fff1836d58a,-1,-1,-1,-1,-1,-1,-1,-1,-1,-1,-1,-1,-1,-1,0
PNY NVIDIA Quadro K4000 SDI I/O,432e9df9-bdaa-4bff-bef7-75437e4a34f6,-1,-1,-1,-1,-1,-1,-1,-1,-1,-1,-1,-1,-1,-1,0
PNY Quadro RTX 8000 Graphics Card,3b45d4e7-9987-44f1-99dd-c68558c8493c,-1,-1,-1,-1,-1,-1,-1,-1,-1,-1,-1,-1,-1,-1,0
PNY Quadro GP100 Graphics Card,2254f25d-81e3-43da-afa0-640575338f0c,-1,-1,-1,-1,-1,-1,-1,-1,-1,-1,-1,-1,-1,-1,0
PNY NVIDIA Quadro K5200 with SDI Input and Output Boards,d176f29e-28ca-408e-b4e3-a35ec681b4ee,-1,-1,-1,-1,-1,-1,-1,-1,-1,-1,-1,-1,-1,-1,0
PNY nVIDIA Quadro 5000 SDI I/O Professional Graphics Board,23bdc7e3-6173-4715-8e86-705371a8bdd5,-1,-1,-1,-1,-1,-1,-1,-1,-1,-1,-1,-1,-1,-1,0
PNY NVIDIA Quadro K5000 SDI I/O,560e804c-f973-4c70-bb1f-e784dda4e0cc,-1,-1,-1,-1,-1,-1,-1,-1,-1,-1,-1,-1,-1,-1,0
PNY VCQK6000SDI-PB NVIDIA Quadro K6000 SDI Graphics Card,e09e7557-6dd3-46e9-bc28-a25ea8d6da6c,-1,-1,-1,-1,-1,-1,-1,-1,-1,-1,-1,-1,-1,-1,0
PNY Quadro GV100 Graphics Card,c32b8ef4-be1b-4416-8434-c760d5685be0,-1,-1,-1,-1,-1,-1,-1,-1,-1,-1,-1,-1,-1,-1,0
HP 3ME26AT Quadro GV100 Graphics Card,16e75d09-0615-436f-ac61-b69d01e0c9dd,-1,-1,-1,-1,-1,-1,-1,-1,-1,-1,-1,-1,-1,-1,0
PNY Dual NVIDIA Quadro K6000 Ultra-High Res Video Wall Kit,d4b8084b-f154-473b-b12e-10af2102a294,-1,-1,-1,-1,-1,-1,-1,-1,-1,-1,-1,-1,-1,-1,0
PNY NVIDIA Quadro K6000 Graphics Card with SDI I/O Board,e80a7ff7-0c7c-4c9b-b4f3-667e8e90552e,-1,-1,-1,-1,-1,-1,-1,-1,-1,-1,-1,-1,-1,-1,0
Microsoft Xbox Series X 1TB ,b705bf0a-dc7b-455a-a2e5-58bc3fd6ed81,-1,-1,-1,-1,-1,-1,-1,-1,-1,-1,-1,-1,-1,-1,0
Xbox Series X ,fa1711e7-d840-4f12-b066-b2b2113e3a92,-1,-1,-1,-1,-1,-1,-1,-1,-1,-1,-1,-1,-1,-1,0
Xbox Series S ,f6920bd1-e968-40d5-b3e1-0c3f9a18b747,-1,-1,-1,-1,-1,-1,-1,-1,-1,-1,-1,-1,-1,-1,0
Microsoft Xbox One X 1TB Console with Wireless Controller: Xbox One X Enhanced HDR Native 4K Ultra HD (Renewed) (2017 Model) ,96ac36bd-7986-4708-86c0-eb6562155c3f,-1,-1,-1,-1,-1,-1,-1,-1,-1,-1,-1,-1,-1,-1,0
Xbox Wireless Controller – Electric Volt for Xbox Series X|S Xbox One and Windows 10 Devices ,8cbf6b1f-1a9a-459b-880c-1cb84b549a16,-1,-1,-1,-1,-1,-1,-1,-1,-1,-1,-1,-1,-1,-1,0
Vertical Cooling Stand Compatible with Xbox Series X YUANHOT Charging Station Dock with 1400mAh Rechargeable Battery Pack and Dual Controller Charger Ports (NOT Compatible with Xbox One X/S) ,7d9c5cb1-3d7d-451d-a8b6-fd52ec098ce1,-1,-1,-1,-1,-1,-1,-1,-1,-1,-1,-1,-1,-1,-1,0
Xbox Wireless Controller – 20th Anniversary Special Edition for Xbox Series X|S Xbox One and Windows ,32e10a67-64f2-4865-b1f9-0b2bb7599a23,-1,-1,-1,-1,-1,-1,-1,-1,-1,-1,-1,-1,-1,-1,0
Rechargeable Battery Packs for Xbox One/Xbox Series X|S 4 X 1200mAh Xbox One Controller Battery Packs Rechargeable Batteries with Charging Station for Xbox One/One S/One X/One Elite ,a193fd6c-9efd-4230-967c-c6dddc105153,-1,-1,-1,-1,-1,-1,-1,-1,-1,-1,-1,-1,-1,-1,0
Far Cry 6 Xbox Series X S Xbox One Standard Edition ,4f972b5d-8ef6-4d8c-92e4-96e40336a6d2,-1,-1,-1,-1,-1,-1,-1,-1,-1,-1,-1,-1,-1,-1,0
Playstation DualSense Wireless Controller ,83f85860-da54-4932-8d19-98468b5749d0,-1,-1,-1,-1,-1,-1,-1,-1,-1,-1,-1,-1,-1,-1,0
PS5 Controller Charger Station PS5 Charging Station with Fast Charging AC Adapter 5V/3A Playstation 5 Dual Controller Charging Stand OIVO Docking Station Replacement for DualSense Charging Station ,a9de39b5-12e5-4bb1-a032-73315aabe3e3,-1,-1,-1,-1,-1,-1,-1,-1,-1,-1,-1,-1,-1,-1,0
ZOTAC Gaming GeForce RTX 3070 Ti AMP Holo 8GB GDDR6X Graphics Card,8ea422f7-af0b-460f-a91b-408b8f68a8bd,-1,-1,-1,-1,-1,-1,-1,-1,-1,-1,-1,-1,-1,-1,0
ZOTAC GAMING GeForce RTX 3070 AMP Holo 8GB GDDR6 256,6b8b973d-4591-45b2-8e8c-9cad625dc117,-1,-1,-1,-1,-1,-1,-1,-1,-1,-1,-1,-1,-1,-1,0
ZOTAC Gaming GeForce RTX 3080 Trinity OC 10GB GDDR6X 320,be15fb8a-5499-4b58-a000-4cc2ce36bcee,-1,-1,-1,-1,-1,-1,-1,-1,-1,-1,-1,-1,-1,-1,0
AX Bundle RTX 3080 Ventus 10GB GDRR6X 320,6255c2e3-3d5e-48a2-94de-1014be9657aa,-1,-1,-1,-1,-1,-1,-1,-1,-1,-1,-1,-1,-1,-1,0
Microsoft Xbox Series X 1TB ,53d2678a-39c5-4d09-94b4-743c77572a59,-1,-1,-1,-1,-1,-1,-1,-1,-1,-1,-1,-1,-1,-1,0
PS5 Playstation 5 Disc Version Console 16GB GDDR6 RAM,3a521b04-18f6-4148-9458-18b8ec447e10,-1,-1,-1,-1,-1,-1,-1,-1,-1,-1,-1,-1,-1,-1,0
