UUID,10/16/2021,10/17/2021,10/18/2021,10/19/2021,10/20/2021,10/21/2021,10/22/21,10/23/21,10/24/21,10/25/21,10/26/21,10/28/21
a6def6f3-ee36-4029-8b07-a72652435b6a,na,na,na,na,na,na,na,na,na,na,Out of Stock,Out of Stock
7b7ab666-8307-4a9b-bf6d-d1d49ef8dae7,na,na,na,na,na,na,na,na,na,na,Out of Stock,Out of Stock
39cdd677-2d51-4e78-984a-2cdc6bb3c174,na,na,na,na,na,na,na,na,na,na,Out of Stock,Out of Stock
4c601129-2cc8-47ba-93bb-1ebb6c1cebd9,na,na,na,na,na,na,na,na,na,na,Out of Stock,Out of Stock
d88fa60c-7a7e-4515-a005-2ae330ebee68,na,na,na,na,na,na,na,na,na,na,Out of Stock,Out of Stock
9fe2efab-2189-4862-9b79-12a2c51ca55a,na,na,na,na,na,na,na,na,na,na,Out of Stock,Out of Stock
5d7d7b26-d49e-455f-b94f-178b5511f76d,na,na,na,na,na,na,na,na,na,na,Out of Stock,Out of Stock
f7d7c0fd-5c78-4955-88ff-5477aa86f427,na,na,na,na,na,na,na,na,na,na,Out of Stock,Out of Stock
28272f83-405c-461f-b7e9-fa74b7ffd395,na,na,na,na,na,na,na,na,na,na,Out of Stock,Out of Stock
161d0cd1-1233-4bf8-b73e-496724546f70,na,na,na,na,na,na,na,na,na,na,Out of Stock,Out of Stock
76924df4-bee9-443d-85f9-c4b8e4da4525,na,na,na,na,na,na,na,na,na,na,Out of Stock,Out of Stock
03667498-5524-4721-bb1c-1c467c271f9f,na,na,na,na,na,na,na,na,na,na,Out of Stock,Out of Stock
554f3b2f-9a7f-41cc-b09b-072ef18a33b4,na,na,na,na,na,na,na,na,na,na,Out of Stock,Out of Stock
f0185fd4-6724-454f-9258-49a5253af00d,na,na,na,na,na,na,na,na,na,na,Out of Stock,Out of Stock
e05ecefd-1cd4-4235-be7f-bc97c6de1998,na,na,na,na,na,na,na,na,na,na,Out of Stock,Out of Stock
9921cc82-2feb-4f01-9b27-f8812b28b7b4,na,na,na,na,na,na,na,na,na,na,Out of Stock,Out of Stock
ea45437e-d6ce-49f0-842b-d71d93efc066,na,na,na,na,na,na,na,na,na,na,Out of Stock,Out of Stock
32bb0177-f842-4f14-87ef-cd6bd351d3d6,na,na,na,na,na,na,na,na,na,na,Out of Stock,Out of Stock
347f4e23-97eb-4f9d-955b-f4dde1593ad2,na,na,na,na,na,na,na,na,na,na,Out of Stock,Out of Stock
31956b7f-8691-454d-b809-2ce66ff91517,na,na,na,na,na,na,na,na,na,na,Out of Stock,Out of Stock
452d2196-6dd2-4503-b4fd-bfa5c7a07e43,na,na,na,na,na,na,na,na,na,na,Out of Stock,Out of Stock
667bbc37-a75b-4eb3-88cb-94a406b84764,na,na,na,na,na,na,na,na,na,na,Out of Stock,Out of Stock
dbd45899-3bba-4aa1-a662-6be093519065,na,na,na,na,na,na,na,na,na,na,Out of Stock,Out of Stock
8ff2698e-866a-47e6-b5a0-f6bf8b2e7351,na,na,na,na,na,na,na,na,na,na,Out of Stock,Out of Stock
4b9f15e5-9aed-4762-8222-57ca071a784a,na,na,na,na,na,na,na,na,na,na,Out of Stock,Out of Stock
141df57a-495c-42ef-af60-20eb008906d4,na,na,na,na,na,na,na,na,na,na,Out of Stock,Out of Stock
c345b527-145b-445a-a550-afcbab76273d,na,na,na,na,na,na,na,na,na,na,Out of Stock,Out of Stock
91cbfa1b-be6b-479c-bcc8-6ac810948ece,na,na,na,na,na,na,na,na,na,na,Out of Stock,Out of Stock
a9bab72a-fb09-405c-8fec-42c8ac75e5e4,na,na,na,na,na,na,na,na,na,na,Out of Stock,Out of Stock
dc374b58-a056-4a37-9b2e-2e9e95916809,na,na,na,na,na,na,na,na,na,na,Out of Stock,Out of Stock
9e1e2570-6ac7-46f7-8217-e0fa1b3b8785,na,na,na,na,na,na,na,na,na,na,Out of Stock,Out of Stock
067c6a67-de01-491d-a68a-257e32515bab,na,na,na,na,na,na,na,na,na,na,Out of Stock,Out of Stock
3cb44b35-5377-4344-b7cd-fc2fbcc13fc7,na,na,na,na,na,na,na,na,na,na,Out of Stock,Out of Stock
479d644b-3074-4578-9e91-793785631528,na,na,na,na,na,na,na,na,na,na,Out of Stock,Out of Stock
18053c44-e012-4eec-bd2e-d09aa311cd45,na,na,na,na,na,na,na,na,na,na,Out of Stock,Out of Stock
67be3cf5-c2d2-464f-8840-bb6e07c80ac9,na,na,na,na,na,na,na,na,na,na,Out of Stock,Out of Stock
af90e27a-d5bf-42aa-b1c0-34924d8ff5f8,na,na,na,na,na,na,na,na,na,na,Out of Stock,Out of Stock
1495ede7-1b39-4135-be47-a319175718cb,na,na,na,na,na,na,na,na,na,na,Out of Stock,Out of Stock
87643409-9f6a-4bb4-8b6c-6bbe6ecdbb77,na,na,na,na,na,na,na,na,na,na,Out of Stock,Out of Stock
3a521b04-18f6-4148-9458-18b8ec447e10,na,na,na,na,na,na,na,na,na,na,Out of Stock,Out of Stock
d57254a4-c2b5-4b63-b5d3-cb54e9c20170,na,na,na,na,na,na,na,na,na,na,Out of Stock,Out of Stock
1e6c0443-56a6-45b2-aa0a-44d7caa0f32e,na,na,na,na,na,na,na,na,na,na,Out of Stock,Out of Stock
f6920bd1-e968-40d5-b3e1-0c3f9a18b747,na,na,na,na,na,na,na,na,na,na,Out of Stock,Out of Stock
fa1711e7-d840-4f12-b066-b2b2113e3a92,na,na,na,na,na,na,na,na,na,na,Out of Stock,Out of Stock
